split,contrast,id,scene,n_lights,patch_mean_delta,pixel_mean_delta
val,B-A,Place101_1,Place101,1,0.18215781450271606,0.1821423034787082
val,B-C,Place101_1,Place101,1,0.6454650461673737,0.6452710744646286
val,B-A,Place101_12,Place101,2,-0.07006600499153137,-0.04453532065555149
val,B-C,Place101_12,Place101,2,-0.009751051664352417,-0.003170002800077454
val,B-A,Place107_1,Place107,1,0.4544091820716858,0.4542253451141571
val,B-C,Place107_1,Place107,1,0.236627995967865,0.23656817362183635
val,B-A,Place107_12,Place107,2,-0.045973360538482666,-0.03137458706537488
val,B-C,Place107_12,Place107,2,0.01823592185974121,0.02169545966808606
val,B-A,Place112_1,Place112,1,0.05278217792510986,0.05280550853822019
val,B-C,Place112_1,Place112,1,0.12118363380432129,0.12119517285823833
val,B-A,Place112_12,Place112,2,-0.2825268507003784,-0.2631049993479342
val,B-C,Place112_12,Place112,2,-0.2893332839012146,-0.27686891741727826
val,B-A,Place118_1,Place118,1,-0.22626005113124847,-0.2282230193098435
val,B-C,Place118_1,Place118,1,-0.25572894513607025,-0.257811041336832
val,B-A,Place118_12,Place118,2,0.04924839735031128,0.04435628995026775
val,B-C,Place118_12,Place118,2,0.5115371346473694,0.46526687693569924
val,B-A,Place12_1,Place12,1,2.056941270828247,2.0569300996717996
val,B-C,Place12_1,Place12,1,0.19249892234802246,0.1924991105634435
val,B-A,Place12_12,Place12,2,1.2085521221160889,1.1874471190540437
val,B-C,Place12_12,Place12,2,0.3695647716522217,0.3700699762999444
val,B-A,Place120_1,Place120,1,-0.1519526243209839,-0.15196748794343506
val,B-C,Place120_1,Place120,1,-0.18534016609191895,-0.18536760799435492
val,B-A,Place120_12,Place120,2,-0.21236789226531982,-0.19998070691321268
val,B-C,Place120_12,Place120,2,-0.7535820007324219,-0.7342660118428521
val,B-A,Place125_1,Place125,1,-0.07812464237213135,-0.0781204838015932
val,B-C,Place125_1,Place125,1,-0.2908531427383423,-0.2908589397571011
val,B-A,Place125_12,Place125,2,0.16063225269317627,0.16950451545813605
val,B-C,Place125_12,Place125,2,0.07405751943588257,0.07652084482931598
val,B-A,Place130_1,Place130,1,0.35690176486968994,0.3568309452161761
val,B-C,Place130_1,Place130,1,-0.738351583480835,-0.7382915122260725
val,B-A,Place130_12,Place130,2,-0.31592416763305664,-0.27437267211197014
val,B-C,Place130_12,Place130,2,-0.08882880210876465,-0.12178251129306616
val,B-A,Place139_1,Place139,1,-0.1646796464920044,-0.16465610375127304
val,B-C,Place139_1,Place139,1,0.14287430047988892,0.14289004857530596
val,B-A,Place139_12,Place139,2,1.5771710872650146,1.4274445744479631
val,B-C,Place139_12,Place139,2,-0.02164173126220703,-0.01955769145151187
val,B-A,Place147_1,Place147,1,0.7277131080627441,0.7277226139749757
val,B-C,Place147_1,Place147,1,-0.43480825424194336,-0.4348086462131606
val,B-A,Place147_12,Place147,2,0.0070574283599853516,0.007524275736045194
val,B-C,Place147_12,Place147,2,-0.5660312175750732,-0.5656188175578696
val,B-A,Place162_1,Place162,1,-0.3191061317920685,-0.3184104741432725
val,B-C,Place162_1,Place162,1,0.015515297651290894,0.015859091192934688
val,B-A,Place162_12,Place162,2,0.8416833281517029,0.8349534164328525
val,B-C,Place162_12,Place162,2,0.6602208614349365,0.6581698943126391
val,B-A,Place168_1,Place168,1,0.18274235725402832,0.1827992730058089
val,B-C,Place168_1,Place168,1,0.16501998901367188,0.16507844436872476
val,B-A,Place168_12,Place168,2,-0.01901906728744507,-0.019053077665170393
val,B-C,Place168_12,Place168,2,0.1657266616821289,0.16562875452033204
val,B-A,Place169_1,Place169,1,0.20023179054260254,0.2001790680939729
val,B-C,Place169_1,Place169,1,0.35901811718940735,0.3588958753948954
val,B-A,Place169_12,Place169,2,-0.5833157300949097,-0.5510190828275761
val,B-C,Place169_12,Place169,2,-1.0439907312393188,-0.9969141724086223
val,B-A,Place17_1,Place17,1,-2.1877212524414062,-2.1877008007613457
val,B-C,Place17_1,Place17,1,-2.1027050018310547,-2.1026831906544245
val,B-A,Place17_12,Place17,2,0.9059271812438965,0.929706343369471
val,B-C,Place17_12,Place17,2,-0.11948966979980469,-0.11013084698935316
val,B-A,Place174_1,Place174,1,-0.2677074670791626,-0.2677046222083561
val,B-C,Place174_1,Place174,1,0.35486137866973877,0.3548687659838501
val,B-A,Place174_12,Place174,2,-0.22327613830566406,-0.22731627482618944
val,B-C,Place174_12,Place174,2,1.6698522567749023,1.5901190786524158
val,B-A,Place176_1,Place176,1,0.9212349057197571,0.9213979562020866
val,B-C,Place176_1,Place176,1,0.5762374997138977,0.5763265368872467
val,B-A,Place176_12,Place176,2,-0.13248133659362793,-0.09375314815113622
val,B-C,Place176_12,Place176,2,0.04689013957977295,0.04284798935570722
val,B-A,Place177_1,Place177,1,0.3375880718231201,0.33756099524212235
val,B-C,Place177_1,Place177,1,0.2928711175918579,0.29284630583027593
val,B-A,Place177_12,Place177,2,-0.3856503963470459,-0.3285256848802498
val,B-C,Place177_12,Place177,2,0.05720686912536621,0.05439986486427051
val,B-A,Place189_1,Place189,1,-0.22585242986679077,-0.22589150146060033
val,B-C,Place189_1,Place189,1,-0.0721663236618042,-0.07219216554421537
val,B-A,Place189_12,Place189,2,-0.7531313896179199,-0.7152012706889641
val,B-C,Place189_12,Place189,2,1.5714117288589478,1.4692262598839343
val,B-A,Place195_1,Place195,1,0.7094075083732605,0.7093638320255834
val,B-C,Place195_1,Place195,1,0.6601425409317017,0.6600048918620294
val,B-A,Place195_12,Place195,2,-0.032021522521972656,-0.04516196826361929
val,B-C,Place195_12,Place195,2,0.6726951599121094,0.6016178133735584
val,B-A,Place198_1,Place198,1,0.7542845755815506,0.7539102610338435
val,B-C,Place198_1,Place198,1,0.4871312379837036,0.4870732154939371
val,B-A,Place198_12,Place198,2,0.12901997566223145,0.11649873164524838
val,B-C,Place198_12,Place198,2,-0.06218099594116211,-0.059134749380453044
val,B-A,Place2_1,Place2,1,0.24906837940216064,0.2490704686519849
val,B-C,Place2_1,Place2,1,-0.001278996467590332,-0.0012843817273329172
val,B-A,Place2_12,Place2,2,0.4323962926864624,0.426842357686813
val,B-C,Place2_12,Place2,2,-0.07221436500549316,-0.0691867225825491
val,B-A,Place202_1,Place202,1,-0.9346494674682617,-0.93465802573186
val,B-C,Place202_1,Place202,1,-0.6837685108184814,-0.6837675094356919
val,B-A,Place202_12,Place202,2,0.15661001205444336,0.1401636081280042
val,B-C,Place202_12,Place202,2,0.11738300323486328,0.12272010960892654
val,B-A,Place209_1,Place209,1,1.1892287731170654,1.1890941856998487
val,B-C,Place209_1,Place209,1,0.8105407953262329,0.8104886512050768
val,B-A,Place209_12,Place209,2,0.34886059165000916,0.30925351383999133
val,B-C,Place209_12,Place209,2,-0.3641871213912964,-0.36484833566659924
val,B-A,Place21_1,Place21,1,0.3784325122833252,0.3784248334670339
val,B-C,Place21_1,Place21,1,-0.8124783039093018,-0.8124784167915178
val,B-A,Place21_12,Place21,2,-0.6082525253295898,-0.4446078983598447
val,B-C,Place21_12,Place21,2,0.23888492584228516,0.07060214735484038
val,B-A,Place212_1,Place212,1,0.975043773651123,0.9750438943695299
val,B-C,Place212_1,Place212,1,-0.5890469551086426,-0.5890428242323811
val,B-A,Place212_12,Place212,2,-0.41232872009277344,-0.38323725491429883
val,B-C,Place212_12,Place212,2,0.7711982727050781,0.7755984720473612
val,B-A,Place218_1,Place218,1,0.17897969484329224,0.17893728829724187
val,B-C,Place218_1,Place218,1,0.11868524551391602,0.11863795468651639
val,B-A,Place218_12,Place218,2,0.018555521965026855,0.03042573245436264
val,B-C,Place218_12,Place218,2,0.35154497623443604,0.46366264972516547
val,B-A,Place219_1,Place219,1,0.08744180202484131,0.08744943175162923
val,B-C,Place219_1,Place219,1,-0.03881967067718506,-0.038814766052577276
val,B-A,Place219_12,Place219,2,0.058193206787109375,0.07327808740366759
val,B-C,Place219_12,Place219,2,0.05847454071044922,0.07835761541760533
val,B-A,Place229_1,Place229,1,-0.1958012580871582,-0.19576276416874722
val,B-C,Place229_1,Place229,1,-0.1756981611251831,-0.17564004587555887
val,B-A,Place229_12,Place229,2,4.102100849151611,2.8592159280026053
val,B-C,Place229_12,Place229,2,0.0028772354125976562,-0.18433449907205102
val,B-A,Place234_1,Place234,1,-0.017650604248046875,-0.01764996510754724
val,B-C,Place234_1,Place234,1,0.303952693939209,0.30394992731888193
val,B-A,Place234_12,Place234,2,-0.13182926177978516,-0.13196427976855318
val,B-C,Place234_12,Place234,2,0.0710296630859375,0.07177389028948866
val,B-A,Place235_1,Place235,1,0.16661691665649414,0.16661316473569343
val,B-C,Place235_1,Place235,1,-1.1338400840759277,-1.1338423269116298
val,B-A,Place235_12,Place235,2,0.9102449417114258,1.0333590577680543
val,B-C,Place235_12,Place235,2,-6.1962175369262695,-4.77474152509869
val,B-A,Place237_1,Place237,1,5.10264778137207,5.102645094047803
val,B-C,Place237_1,Place237,1,7.606993675231934,7.606986462162593
val,B-A,Place237_12,Place237,2,7.914783477783203,7.887618835305748
val,B-C,Place237_12,Place237,2,11.514650344848633,11.226396870987232
val,B-A,Place243_1,Place243,1,-0.032140135765075684,-0.03232623191383721
val,B-C,Place243_1,Place243,1,-0.34903717041015625,-0.3490332239410857
val,B-A,Place243_12,Place243,2,-0.4348747730255127,-0.4604812961914928
val,B-C,Place243_12,Place243,2,-0.10641646385192871,-0.1189458632832463
val,B-A,Place245_1,Place245,1,5.7796125411987305,5.779655650705349
val,B-C,Place245_1,Place245,1,4.27382230758667,4.273830528920212
val,B-A,Place245_12,Place245,2,-1.9566307067871094,-1.9401446794698671
val,B-C,Place245_12,Place245,2,-2.615222930908203,-2.5994046869094447
val,B-A,Place247_1,Place247,1,-0.27783679962158203,-0.2778358876135858
val,B-C,Place247_1,Place247,1,-2.768037796020508,-2.7680348586859473
val,B-A,Place247_12,Place247,2,2.7551183700561523,2.552093145475009
val,B-C,Place247_12,Place247,2,1.1729421615600586,1.1195286068934767
val,B-A,Place250_1,Place250,1,-0.202392578125,-0.20239154552068106
val,B-C,Place250_1,Place250,1,0.2098749876022339,0.20981720730831643
val,B-A,Place250_12,Place250,2,1.1914796829223633,1.1911450020946095
val,B-C,Place250_12,Place250,2,1.97337007522583,1.9652365981654052
val,B-A,Place265_1,Place265,1,0.963509202003479,0.9636747125952154
val,B-C,Place265_1,Place265,1,0.40573668479919434,0.40575310254142427
val,B-A,Place265_12,Place265,2,-0.793830394744873,-0.2008478650828569
val,B-C,Place265_12,Place265,2,-0.538834810256958,-0.1724540223129125
val,B-A,Place279_1,Place279,1,0.22596454620361328,0.2259687439807263
val,B-C,Place279_1,Place279,1,0.28029537200927734,0.2802988105052844
val,B-A,Place279_12,Place279,2,0.31278514862060547,0.3088959072264901
val,B-C,Place279_12,Place279,2,-0.010648250579833984,-0.010371450324552889
val,B-A,Place306_1,Place306,1,0.14512038230895996,0.14504072332999945
val,B-C,Place306_1,Place306,1,-0.11097633838653564,-0.11089126493227208
val,B-A,Place306_12,Place306,2,-0.15689635276794434,-0.12965925966514247
val,B-C,Place306_12,Place306,2,-0.23152780532836914,-0.19454272622069269
val,B-A,Place314_1,Place314,1,-0.18672841787338257,-0.18671638979722427
val,B-C,Place314_1,Place314,1,0.03363692760467529,0.03360866812297836
val,B-A,Place314_12,Place314,2,0.4750022888183594,0.25179561050301835
val,B-C,Place314_12,Place314,2,0.9396820068359375,0.5460109817325325
val,B-A,Place32_1,Place32,1,-0.8175920248031616,-0.8172805145853338
val,B-C,Place32_1,Place32,1,-1.1661018133163452,-1.1657614833294567
val,B-A,Place32_12,Place32,2,-0.9759618043899536,-0.9802012450977526
val,B-C,Place32_12,Place32,2,-0.17412662506103516,-0.1650536115641983
val,B-A,Place327_1,Place327,1,-0.37592613697052,-0.3759364177116815
val,B-C,Place327_1,Place327,1,-0.21293878555297852,-0.21293968475806113
val,B-A,Place327_12,Place327,2,1.6431617736816406,1.4330236616728382
val,B-C,Place327_12,Place327,2,-0.20430803298950195,-0.20075651199101507
val,B-A,Place331_1,Place331,1,-0.3311440348625183,-0.3310249162094073
val,B-C,Place331_1,Place331,1,-0.19690924882888794,-0.19683962541986677
val,B-A,Place331_12,Place331,2,-0.0897221565246582,-0.10512978101298964
val,B-C,Place331_12,Place331,2,-0.2522549629211426,-0.2670942730066934
val,B-A,Place340_1,Place340,1,-0.5822076797485352,-0.5822079333042054
val,B-C,Place340_1,Place340,1,0.09512162208557129,0.09511512657498677
val,B-A,Place340_12,Place340,2,-0.10671615600585938,-0.10669521022526629
val,B-C,Place340_12,Place340,2,0.5492897033691406,0.5493282844726375
val,B-A,Place341_1,Place341,1,-0.003529667854309082,-0.0035398523572935936
val,B-C,Place341_1,Place341,1,0.04306840896606445,0.043065126453759595
val,B-A,Place341_12,Place341,2,0.024138808250427246,0.024210800774330465
val,B-C,Place341_12,Place341,2,0.027389883995056152,0.027421097740366163
val,B-A,Place343_1,Place343,1,0.10598516464233398,0.10597012867157818
val,B-C,Place343_1,Place343,1,0.15424668788909912,0.1542219914313131
val,B-A,Place343_12,Place343,2,-0.15575408935546875,-0.1315712116377572
val,B-C,Place343_12,Place343,2,0.01093745231628418,0.00344645955523748
val,B-A,Place347_1,Place347,1,0.11232870817184448,0.11232505553485284
val,B-C,Place347_1,Place347,1,-0.0022319555282592773,-0.0022244963048048128
val,B-A,Place347_12,Place347,2,-0.05073639750480652,-0.053266720598366124
val,B-C,Place347_12,Place347,2,-0.14111486077308655,-0.13961234025796698
val,B-A,Place348_1,Place348,1,-0.2155606746673584,-0.2155609488445418
val,B-C,Place348_1,Place348,1,0.01804661750793457,0.018045210975063508
val,B-A,Place348_12,Place348,2,-0.012434244155883789,0.02462455339559888
val,B-C,Place348_12,Place348,2,-0.01709127426147461,0.005611036654484813
val,B-A,Place354_1,Place354,1,-0.17816174030303955,-0.1781221552142218
val,B-C,Place354_1,Place354,1,0.007146954536437988,0.007152352219521152
val,B-A,Place354_12,Place354,2,-0.09595179557800293,-0.0881989882931764
val,B-C,Place354_12,Place354,2,-0.11451208591461182,-0.1040437822101512
val,B-A,Place356_1,Place356,1,-0.16821348667144775,-0.16819171720663617
val,B-C,Place356_1,Place356,1,0.3750676214694977,0.37478695664571304
val,B-A,Place356_12,Place356,2,-0.982772707939148,-0.9697078667474686
val,B-C,Place356_12,Place356,2,0.2670806646347046,0.26633841950830783
val,B-A,Place359_1,Place359,1,0.05639117956161499,0.056400635334386884
val,B-C,Place359_1,Place359,1,0.4106345772743225,0.4106508244356887
val,B-A,Place359_12,Place359,2,-0.21372473239898682,-0.23520451393980268
val,B-C,Place359_12,Place359,2,0.34958040714263916,0.3692312809480853
val,B-A,Place360_1,Place360,1,0.14899182319641113,0.14899814351209928
val,B-C,Place360_1,Place360,1,-0.31623923778533936,-0.31624679374830267
val,B-A,Place360_12,Place360,2,1.8236346244812012,1.8152959689189205
val,B-C,Place360_12,Place360,2,-0.6139624118804932,-0.6127471734135899
val,B-A,Place361_1,Place361,1,-0.19012069702148438,-0.19011575009966775
val,B-C,Place361_1,Place361,1,0.10574817657470703,0.10575329362448516
val,B-A,Place361_12,Place361,2,-0.2036278247833252,-0.20289790137446895
val,B-C,Place361_12,Place361,2,0.5408189296722412,0.5313392956072034
val,B-A,Place362_1,Place362,1,0.14550697803497314,0.14554870299365197
val,B-C,Place362_1,Place362,1,0.023744583129882812,0.023747935355678873
val,B-A,Place362_12,Place362,2,1.1029381155967712,1.095270582516307
val,B-C,Place362_12,Place362,2,-0.2752058506011963,-0.27381708299242935
val,B-A,Place37_1,Place37,1,-0.18315327167510986,-0.18310715309364745
val,B-C,Place37_1,Place37,1,0.2975630760192871,0.2973289167262685
val,B-A,Place37_12,Place37,2,-0.23001760244369507,-0.23363679980610663
val,B-C,Place37_12,Place37,2,-0.30914658308029175,-0.3094890376978554
val,B-A,Place370_1,Place370,1,-0.18895304203033447,-0.18894672460725648
val,B-C,Place370_1,Place370,1,0.21976518630981445,0.2197497151467287
val,B-A,Place370_12,Place370,2,0.23974716663360596,0.23031313562673827
val,B-C,Place370_12,Place370,2,0.24624407291412354,0.23785952860934034
val,B-A,Place372_1,Place372,1,0.3788207769393921,0.3787287037159216
val,B-C,Place372_1,Place372,1,-0.11223363876342773,-0.11222740707743284
val,B-A,Place372_12,Place372,2,0.028856754302978516,-0.09183952621165759
val,B-C,Place372_12,Place372,2,-0.6514062881469727,-0.3461531698541114
val,B-A,Place385_1,Place385,1,-0.4036226272583008,-0.40350231509427514
val,B-C,Place385_1,Place385,1,-0.017793893814086914,-0.01774249300105768
val,B-A,Place385_12,Place385,2,0.07547968626022339,0.07610310483880012
val,B-C,Place385_12,Place385,2,-0.005951225757598877,-0.003333401747493192
val,B-A,Place389_1,Place389,1,-0.18668746948242188,-0.18668789313414602
val,B-C,Place389_1,Place389,1,0.2994877099990845,0.29947543162054213
val,B-A,Place389_12,Place389,2,-0.06357884407043457,-0.10211134946687661
val,B-C,Place389_12,Place389,2,0.08364391326904297,0.026218567548182303
val,B-A,Place393_1,Place393,1,0.1499422788619995,0.14992986369620842
val,B-C,Place393_1,Place393,1,0.0907016396522522,0.09066406854298215
val,B-A,Place393_12,Place393,2,1.094367265701294,0.5807915940751434
val,B-C,Place393_12,Place393,2,0.39634180068969727,0.23987510477759422
val,B-A,Place394_1,Place394,1,0.33199602365493774,0.3320152043454577
val,B-C,Place394_1,Place394,1,0.4423765540122986,0.4423433073188998
val,B-A,Place394_12,Place394,2,1.7142333984375,0.9644672566405008
val,B-C,Place394_12,Place394,2,1.4101293087005615,0.9549382696917652
val,B-A,Place401_1,Place401,1,-0.04870672523975372,-0.04857974422722172
val,B-C,Place401_1,Place401,1,-0.11850793659687042,-0.11866323567689963
val,B-A,Place401_12,Place401,2,-0.02950263023376465,-0.05087968213834948
val,B-C,Place401_12,Place401,2,-0.1316695213317871,-0.15673369562798456
val,B-A,Place405_1,Place405,1,-1.2171584367752075,-1.2170100060274829
val,B-C,Place405_1,Place405,1,-0.3762439489364624,-0.37616336520379345
val,B-A,Place405_12,Place405,2,-0.028897762298583984,0.035144206510809184
val,B-C,Place405_12,Place405,2,0.622572660446167,0.5038785344581189
val,B-A,Place407_1,Place407,1,-1.453749418258667,-1.4537416013129245
val,B-C,Place407_1,Place407,1,-0.32713818550109863,-0.3271324053697997
val,B-A,Place407_12,Place407,2,-0.411649227142334,-0.39746190127968006
val,B-C,Place407_12,Place407,2,-0.11888599395751953,-0.11352887675830292
val,B-A,Place408_1,Place408,1,-1.1117501258850098,-1.1117506880707335
val,B-C,Place408_1,Place408,1,-0.560753345489502,-0.5607530986486795
val,B-A,Place408_12,Place408,2,-0.5664732456207275,-0.5644175183797562
val,B-C,Place408_12,Place408,2,-1.4025123119354248,-1.3995690513887387
val,B-A,Place410_1,Place410,1,-0.5305962562561035,-0.53059500659504
val,B-C,Place410_1,Place410,1,-0.004640102386474609,-0.004640104760025743
val,B-A,Place410_12,Place410,2,-1.643366277217865,-1.6306667164129374
val,B-C,Place410_12,Place410,2,-0.5625602602958679,-0.5572899815620955
val,B-A,Place411_1,Place411,1,-2.183521032333374,-2.1834625262420446
val,B-C,Place411_1,Place411,1,0.15041035413742065,0.1503885739006544
val,B-A,Place411_12,Place411,2,-2.090943366289139,-2.0880438595738497
val,B-C,Place411_12,Place411,2,-0.023677796125411987,-0.024999374944241537
val,B-A,Place418_1,Place418,1,-0.011174678802490234,-0.011195059573695154
val,B-C,Place418_1,Place418,1,0.14435410499572754,0.14430886547462052
val,B-A,Place418_12,Place418,2,0.09286719560623169,0.0871609631773147
val,B-C,Place418_12,Place418,2,-0.30105823278427124,-0.2986499034344269
val,B-A,Place422_1,Place422,1,-0.928294837474823,-0.9281544119162761
val,B-C,Place422_1,Place422,1,-3.6854400038719177,-3.6852933244447392
val,B-A,Place422_12,Place422,2,-1.180967926979065,-1.1010456252029839
val,B-C,Place422_12,Place422,2,-1.7598801851272583,-1.6053500910665768
val,B-A,Place428_1,Place428,1,-0.1445627212524414,-0.14455992904870385
val,B-C,Place428_1,Place428,1,0.1611347198486328,0.16113814676974325
val,B-A,Place428_12,Place428,2,1.558755874633789,1.5157897238985223
val,B-C,Place428_12,Place428,2,-0.15072870254516602,-0.13727296850607917
val,B-A,Place430_1,Place430,1,0.19736266136169434,0.19736329401564223
val,B-C,Place430_1,Place430,1,-0.26244354248046875,-0.2624429069698442
val,B-A,Place430_12,Place430,2,0.9255800247192383,0.9012164265962177
val,B-C,Place430_12,Place430,2,-0.6761999130249023,-0.6644780661093996
val,B-A,Place440_1,Place440,1,0.2888752222061157,0.28847969547765473
val,B-C,Place440_1,Place440,1,0.10921657085418701,0.10920746058071185
val,B-A,Place440_12,Place440,2,1.5840721130371094,1.28207722988191
val,B-C,Place440_12,Place440,2,-0.1374492645263672,-0.05408736749355647
val,B-A,Place444_1,Place444,1,-0.18458358943462372,-0.1838573032814203
val,B-C,Place444_1,Place444,1,-0.07700182497501373,-0.07670703718439997
val,B-A,Place444_12,Place444,2,-5.500821590423584,-3.691415983021262
val,B-C,Place444_12,Place444,2,-2.568352222442627,-1.7037914718976168
val,B-A,Place451_1,Place451,1,1.4966521263122559,1.4966522839567151
val,B-C,Place451_1,Place451,1,0.16048622131347656,0.16048684938114377
val,B-A,Place451_12,Place451,2,1.0544757843017578,1.038083929309634
val,B-C,Place451_12,Place451,2,-0.07904267311096191,-0.07790759981066442
val,B-A,Place461_1,Place461,1,-0.5382246375083923,-0.5381005868438811
val,B-C,Place461_1,Place461,1,-0.41143476963043213,-0.41134189767897966
val,B-A,Place461_12,Place461,2,1.4273757934570312,0.8336078184411679
val,B-C,Place461_12,Place461,2,0.49098682403564453,0.19240372280366724
val,B-A,Place469_1,Place469,1,-0.16396045684814453,-0.16399879395534112
val,B-C,Place469_1,Place469,1,-0.2043013572692871,-0.20432932486339772
val,B-A,Place469_12,Place469,2,0.12164735794067383,0.08534774547562618
val,B-C,Place469_12,Place469,2,0.056969642639160156,-0.025798540085749444
val,B-A,Place471_1,Place471,1,0.27258557081222534,0.27298475899461433
val,B-C,Place471_1,Place471,1,0.20962169766426086,0.210231064006957
val,B-A,Place471_12,Place471,2,0.2279341220855713,0.270151920709055
val,B-C,Place471_12,Place471,2,-0.20171570777893066,-0.21984883171872438
val,B-A,Place472_1,Place472,1,-0.09773635864257812,-0.09780602260906746
val,B-C,Place472_1,Place472,1,-0.12725818157196045,-0.12723345169740208
val,B-A,Place472_12,Place472,2,0.0798797607421875,0.13493866142137367
val,B-C,Place472_12,Place472,2,-0.2696681022644043,-0.264647484015355
val,B-A,Place473_1,Place473,1,-0.28862327337265015,-0.28805286067912106
val,B-C,Place473_1,Place473,1,0.08386245369911194,0.08405245869688216
val,B-A,Place473_12,Place473,2,2.4333548545837402,2.4273305031487595
val,B-C,Place473_12,Place473,2,-0.3480224609375,-0.3397858523251589
val,B-A,Place476_1,Place476,1,-0.26088088750839233,-0.2603238274912354
val,B-C,Place476_1,Place476,1,-0.3854033946990967,-0.3848698875844174
val,B-A,Place476_12,Place476,2,0.3262939453125,0.32341187199398735
val,B-C,Place476_12,Place476,2,-0.06607627868652344,-0.05584859964391864
val,B-A,Place478_1,Place478,1,0.2083612084388733,0.2083425190768421
val,B-C,Place478_1,Place478,1,-0.038733065128326416,-0.038728695744524866
val,B-A,Place478_12,Place478,2,0.5676007270812988,0.3204399167122918
val,B-C,Place478_12,Place478,2,0.5178041458129883,0.32349143630261956
val,B-A,Place481_1,Place481,1,-0.1767643690109253,-0.1767674881341359
val,B-C,Place481_1,Place481,1,-0.23357975482940674,-0.23359006967022733
val,B-A,Place481_12,Place481,2,-0.7397842407226562,-0.6467173193681122
val,B-C,Place481_12,Place481,2,0.567939281463623,0.49707828765878403
val,B-A,Place483_1,Place483,1,0.2457413673400879,0.24573981948601897
val,B-C,Place483_1,Place483,1,0.8235633373260498,0.8235570901426392
val,B-A,Place483_12,Place483,2,0.14700257778167725,0.12581403370174238
val,B-C,Place483_12,Place483,2,-0.31905603408813477,-0.2235067705658107
val,B-A,Place484_1,Place484,1,-0.9510042667388916,-0.951134398924466
val,B-C,Place484_1,Place484,1,-1.051482915878296,-1.0516179372523269
val,B-A,Place484_12,Place484,2,0.09678959846496582,-0.055534816565656175
val,B-C,Place484_12,Place484,2,0.851667046546936,0.42918225271331023
val,B-A,Place485_1,Place485,1,-1.0696146488189697,-1.0696571135837416
val,B-C,Place485_1,Place485,1,-0.4561920166015625,-0.45621015998404224
val,B-A,Place485_12,Place485,2,-0.09321737289428711,-0.11932899173109268
val,B-C,Place485_12,Place485,2,0.319796085357666,0.19055576684125786
val,B-A,Place487_1,Place487,1,-0.0054416656494140625,-0.0054406831524413946
val,B-C,Place487_1,Place487,1,0.2341928482055664,0.23420104188652413
val,B-A,Place487_12,Place487,2,-1.112785816192627,-0.7118235517046871
val,B-C,Place487_12,Place487,2,0.5646755695343018,0.49145285120169824
val,B-A,Place497_1,Place497,1,0.5232787132263184,0.5232908283796878
val,B-C,Place497_1,Place497,1,1.1637978553771973,1.1638142643390017
val,B-A,Place497_12,Place497,2,-0.6639502048492432,-0.5070519795724424
val,B-C,Place497_12,Place497,2,0.7747859954833984,0.70698322511819
val,B-A,Place502_1,Place502,1,0.1553959846496582,0.15539703989427478
val,B-C,Place502_1,Place502,1,1.5631844401359558,1.563292914173956
val,B-A,Place502_12,Place502,2,-2.0910305976867676,-1.5922069754338395
val,B-C,Place502_12,Place502,2,0.3614480495452881,0.38162752058058835
val,B-A,Place503_1,Place503,1,0.2792211174964905,0.27949940736954165
val,B-C,Place503_1,Place503,1,0.18366682529449463,0.18380873454770263
val,B-A,Place503_12,Place503,2,-0.008127868175506592,0.004944503746911133
val,B-C,Place503_12,Place503,2,-0.02876037359237671,-0.016971509810978613
val,B-A,Place504_1,Place504,1,0.6673147678375244,0.6673183091789494
val,B-C,Place504_1,Place504,1,0.5907981395721436,0.59080072084289
val,B-A,Place504_12,Place504,2,0.32943856716156006,0.3141397752724939
val,B-C,Place504_12,Place504,2,0.4351189136505127,0.4063477692364674
val,B-A,Place506_1,Place506,1,-0.0049648284912109375,-0.0049741751313024385
val,B-C,Place506_1,Place506,1,0.009204328060150146,0.009215939805047868
val,B-A,Place506_12,Place506,2,0.4025897979736328,0.21988762927289196
val,B-C,Place506_12,Place506,2,-0.045108795166015625,0.005147970328936768
val,B-A,Place512_1,Place512,1,-0.12360697984695435,-0.12384485452826643
val,B-C,Place512_1,Place512,1,-0.18174207210540771,-0.18200798120618522
val,B-A,Place512_12,Place512,2,1.5640478134155273,1.545754969912693
val,B-C,Place512_12,Place512,2,1.8334407806396484,1.8359418992487306
val,B-A,Place515_1,Place515,1,-0.09717106819152832,-0.09719956505539518
val,B-C,Place515_1,Place515,1,-0.095039963722229,-0.09508068335013409
val,B-A,Place515_12,Place515,2,-0.011744022369384766,-0.029369885289311393
val,B-C,Place515_12,Place515,2,-0.34723591804504395,-0.31852144695166973
val,B-A,Place527_1,Place527,1,0.10226216912269592,0.10282438810750777
val,B-C,Place527_1,Place527,1,0.03182482719421387,0.032249879834193584
val,B-A,Place527_12,Place527,2,0.6030316352844238,0.35356473400880883
val,B-C,Place527_12,Place527,2,0.42107248306274414,0.2752139998985794
val,B-A,Place532_1,Place532,1,-0.06216222047805786,-0.06188430233378078
val,B-C,Place532_1,Place532,1,0.06311124563217163,0.06258172828053526
val,B-A,Place532_12,Place532,2,0.49169158935546875,0.48130768607763574
val,B-C,Place532_12,Place532,2,0.18677330017089844,0.2102557377074401
val,B-A,Place535_1,Place535,1,-0.22183650732040405,-0.22186373622453548
val,B-C,Place535_1,Place535,1,0.028213202953338623,0.02809797680884185
val,B-A,Place535_12,Place535,2,-0.05978560447692871,-0.06076130439805416
val,B-C,Place535_12,Place535,2,-0.27713680267333984,-0.2635876678056288
val,B-A,Place536_1,Place536,1,-0.17716503143310547,-0.17714278955751334
val,B-C,Place536_1,Place536,1,-0.03671520948410034,-0.03671168707706557
val,B-A,Place536_12,Place536,2,-0.05695009231567383,-0.058452964405668384
val,B-C,Place536_12,Place536,2,-0.20464563369750977,-0.18596008837901268
val,B-A,Place538_1,Place538,1,0.06730154156684875,0.06732807862986007
val,B-C,Place538_1,Place538,1,0.17305612564086914,0.17315486494649185
val,B-A,Place538_12,Place538,2,-0.5949041843414307,-0.5309611188416354
val,B-C,Place538_12,Place538,2,0.029810428619384766,0.016750665867947934
val,B-A,Place548_1,Place548,1,0.34086161851882935,0.341174315328392
val,B-C,Place548_1,Place548,1,0.053357481956481934,0.0533892637044765
val,B-A,Place548_12,Place548,2,-0.16561412811279297,-0.12564517938166908
val,B-C,Place548_12,Place548,2,-0.31845855712890625,-0.18190717904127496
val,B-A,Place556_1,Place556,1,0.39348985254764557,0.39369291153261465
val,B-C,Place556_1,Place556,1,0.1372673511505127,0.13727713602398373
val,B-A,Place556_12,Place556,2,-1.8020849227905273,-1.3401207400777286
val,B-C,Place556_12,Place556,2,0.6364250183105469,0.2243904710798672
val,B-A,Place574_1,Place574,1,-0.037428855895996094,-0.03742903639683959
val,B-C,Place574_1,Place574,1,0.14217329025268555,0.14243682704461708
val,B-A,Place574_12,Place574,2,-1.740358829498291,-1.6171434728501168
val,B-C,Place574_12,Place574,2,0.26485681533813477,0.1932209086937311
val,B-A,Place588_1,Place588,1,0.12617802619934082,0.12616922331895974
val,B-C,Place588_1,Place588,1,0.2871246337890625,0.2871239646948933
val,B-A,Place588_12,Place588,2,-0.21242189407348633,-0.1950014120957162
val,B-C,Place588_12,Place588,2,-0.25171756744384766,-0.1951404870052551
val,B-A,Place590_1,Place590,1,0.09167763590812683,0.09163006571243848
val,B-C,Place590_1,Place590,1,0.06487426161766052,0.06485940063321949
val,B-A,Place590_12,Place590,2,0.541140079498291,0.37001193365353835
val,B-C,Place590_12,Place590,2,0.5738763809204102,0.4096261208849601
val,B-A,Place593_1,Place593,1,0.48029232025146484,0.48028684037931946
val,B-C,Place593_1,Place593,1,0.2348233461380005,0.2348162217324561
val,B-A,Place593_12,Place593,2,0.6584346294403076,0.6480828030711878
val,B-C,Place593_12,Place593,2,0.5607447624206543,0.5720125245502965
val,B-A,Place598_1,Place598,1,-0.002021893858909607,-0.0020699942788812986
val,B-C,Place598_1,Place598,1,-0.07486134767532349,-0.07451412234448393
val,B-A,Place598_12,Place598,2,-0.6775475740432739,-0.5234527304566194
val,B-C,Place598_12,Place598,2,-0.25794708728790283,-0.16334265577238716
val,B-A,Place6_1,Place6,1,-1.0281403362751007,-1.0283122813646173
val,B-C,Place6_1,Place6,1,-0.0012828409671783447,-0.001351344203351923
val,B-A,Place6_12,Place6,2,-0.6445755958557129,-0.5801816983881478
val,B-C,Place6_12,Place6,2,0.45224398374557495,0.4063850213007334
val,B-A,Place612_1,Place612,1,0.06506383419036865,0.0650624036437013
val,B-C,Place612_1,Place612,1,0.1420649290084839,0.1420658378593973
val,B-A,Place612_12,Place612,2,-0.1355876922607422,-0.10372346003565713
val,B-C,Place612_12,Place612,2,0.10377252101898193,0.12247757582669161
val,B-A,Place615_1,Place615,1,0.07617312669754028,0.07612125670351128
val,B-C,Place615_1,Place615,1,0.028363555669784546,0.028346874987089876
val,B-A,Place615_12,Place615,2,-0.05109834671020508,-0.2206702835200156
val,B-C,Place615_12,Place615,2,-0.21242046356201172,-0.3581700975418851
val,B-A,Place618_1,Place618,1,-0.006706327199935913,-0.006721074237771574
val,B-C,Place618_1,Place618,1,-0.08084815740585327,-0.08082844288577135
val,B-A,Place618_12,Place618,2,-0.4742546081542969,-0.42485161518521286
val,B-C,Place618_12,Place618,2,0.06113862991333008,0.04913579943505253
val,B-A,Place62_1,Place62,1,-0.03622037172317505,-0.036296377192005846
val,B-C,Place62_1,Place62,1,0.15647335350513458,0.15764946506017324
val,B-A,Place62_12,Place62,2,-0.42832982540130615,-0.426401866035765
val,B-C,Place62_12,Place62,2,-0.27072250843048096,-0.27026923228948163
val,B-A,Place624_1,Place624,1,-0.05953574180603027,-0.05952680175550351
val,B-C,Place624_1,Place624,1,0.39616072177886963,0.3961825769421248
val,B-A,Place624_12,Place624,2,0.22743701934814453,0.23429499514098673
val,B-C,Place624_12,Place624,2,0.3623037338256836,0.36079550626168455
val,B-A,Place625_1,Place625,1,-0.38226985931396484,-0.38227470622385873
val,B-C,Place625_1,Place625,1,-0.33024072647094727,-0.33024405718094396
val,B-A,Place625_12,Place625,2,0.4177680015563965,0.30501062474167373
val,B-C,Place625_12,Place625,2,0.023669958114624023,-0.009042464373404613
val,B-A,Place639_1,Place639,1,0.13810566067695618,0.13816893007225095
val,B-C,Place639_1,Place639,1,0.2440793812274933,0.24420767317067094
val,B-A,Place639_12,Place639,2,0.1356947422027588,0.1253015305060985
val,B-C,Place639_12,Place639,2,-0.010542154312133789,-0.012187841167557778
val,B-A,Place648_1,Place648,1,-0.6121990084648132,-0.6122417066886126
val,B-C,Place648_1,Place648,1,0.04078948497772217,0.04078983008945758
val,B-A,Place648_12,Place648,2,-0.42654967308044434,-0.3974041618270656
val,B-C,Place648_12,Place648,2,-0.13200640678405762,-0.12450892550404635
val,B-A,Place650_1,Place650,1,0.8850917220115662,0.8849611850560479
val,B-C,Place650_1,Place650,1,0.0667494535446167,0.06674899955146274
val,B-A,Place650_12,Place650,2,0.1601581573486328,0.13102898379629968
val,B-C,Place650_12,Place650,2,0.03543567657470703,-0.02174996181814981
val,B-A,Place651_1,Place651,1,0.10476291179656982,0.10472672979823361
val,B-C,Place651_1,Place651,1,0.22287192940711975,0.22225875161938896
val,B-A,Place651_12,Place651,2,-0.07405662536621094,-0.03888307825249604
val,B-C,Place651_12,Place651,2,-0.31010687351226807,-0.2284969401409802
val,B-A,Place655_1,Place655,1,0.001728057861328125,0.0017082629010405914
val,B-C,Place655_1,Place655,1,-0.17722254991531372,-0.17724834527117383
val,B-A,Place655_12,Place655,2,-0.06475400924682617,-0.05968683995204582
val,B-C,Place655_12,Place655,2,0.1858530044555664,0.04085212505692004
val,B-A,Place657_1,Place657,1,-0.0667908787727356,-0.06684784630404628
val,B-C,Place657_1,Place657,1,0.048680663108825684,0.04873867189832504
val,B-A,Place657_12,Place657,2,-0.783808708190918,-0.6527441298992009
val,B-C,Place657_12,Place657,2,-0.042372703552246094,-0.05262986875275821
val,B-A,Place662_1,Place662,1,0.11536777019500732,0.11532562574314364
val,B-C,Place662_1,Place662,1,1.0869410932064056,1.0868707967544904
val,B-A,Place662_12,Place662,2,0.11039304733276367,0.05014624666499001
val,B-C,Place662_12,Place662,2,-0.016638755798339844,-0.0038577837058360043
val,B-A,Place663_1,Place663,1,0.09039929509162903,0.09036522099591093
val,B-C,Place663_1,Place663,1,0.2745075523853302,0.2744502058875902
val,B-A,Place663_12,Place663,2,0.08573031425476074,0.07043262217580715
val,B-C,Place663_12,Place663,2,0.20920026302337646,0.17332887506552241
val,B-A,Place665_1,Place665,1,0.11192373931407928,0.11123428855600034
val,B-C,Place665_1,Place665,1,-0.1743321716785431,-0.17418254341669143
val,B-A,Place665_12,Place665,2,-0.2714676856994629,-0.2674145162566588
val,B-C,Place665_12,Place665,2,-0.030282139778137207,-0.03559610447647854
val,B-A,Place666_1,Place666,1,-0.2249251902103424,-0.22414851929080304
val,B-C,Place666_1,Place666,1,-0.3729237914085388,-0.3720450658059185
val,B-A,Place666_12,Place666,2,-2.544943332672119,-2.5119624336452464
val,B-C,Place666_12,Place666,2,1.9954700469970703,1.7168394460639247
val,B-A,Place675_1,Place675,1,0.10594594478607178,0.10577055287158199
val,B-C,Place675_1,Place675,1,-0.06096622347831726,-0.06092045650121841
val,B-A,Place675_12,Place675,2,0.061704277992248535,0.02468582762429028
val,B-C,Place675_12,Place675,2,-0.07471084594726562,-0.09070599315543237
val,B-A,Place678_1,Place678,1,0.07190254330635071,0.07243639228150114
val,B-C,Place678_1,Place678,1,-0.06989830732345581,-0.06923063441679617
val,B-A,Place678_12,Place678,2,0.5271859169006348,0.2453170923443757
val,B-C,Place678_12,Place678,2,1.5395331382751465,1.2710740255629247
val,B-A,Place690_1,Place690,1,-0.00017148256301879883,-0.00010946989188431733
val,B-C,Place690_1,Place690,1,0.2311018705368042,0.23109631898786398
val,B-A,Place690_12,Place690,2,0.7270553112030029,0.6238399309360405
val,B-C,Place690_12,Place690,2,0.6189343929290771,0.5203072496149654
val,B-A,Place694_1,Place694,1,0.055000483989715576,0.054996112854880014
val,B-C,Place694_1,Place694,1,-0.47127604484558105,-0.47140155716518023
val,B-A,Place694_12,Place694,2,0.4004911184310913,0.31320425652942907
val,B-C,Place694_12,Place694,2,-0.12006044387817383,-0.08083683801561303
val,B-A,Place695_1,Place695,1,-0.12827220559120178,-0.1281830963239808
val,B-C,Place695_1,Place695,1,-0.1519482135772705,-0.15191455096094095
val,B-A,Place695_12,Place695,2,0.11098241806030273,0.11019885490961556
val,B-C,Place695_12,Place695,2,0.16363120079040527,0.1422979073613686
val,B-A,Place696_1,Place696,1,-0.11992302536964417,-0.11954975250140742
val,B-C,Place696_1,Place696,1,-0.1350272297859192,-0.1346563676721097
val,B-A,Place696_12,Place696,2,-0.1465010643005371,-0.13380017184954363
val,B-C,Place696_12,Place696,2,0.0114288330078125,-0.008874301274564678
val,B-A,Place698_1,Place698,1,-0.13140112161636353,-0.13118985818383466
val,B-C,Place698_1,Place698,1,-0.29871416091918945,-0.29835963803376747
val,B-A,Place698_12,Place698,2,0.022497057914733887,0.010123906530563387
val,B-C,Place698_12,Place698,2,-0.20909321308135986,-0.19090448911158275
val,B-A,Place699_1,Place699,1,0.00916677713394165,0.009226976540499185
val,B-C,Place699_1,Place699,1,-0.07121104001998901,-0.07107531821011268
val,B-A,Place699_12,Place699,2,0.009106993675231934,0.0027714452646050436
val,B-C,Place699_12,Place699,2,-0.07276773452758789,-0.062076266718819495
val,B-A,Place703_1,Place703,1,0.0784640908241272,0.07863552775312466
val,B-C,Place703_1,Place703,1,-0.33991366624832153,-0.34002687194803605
val,B-A,Place703_12,Place703,2,0.29316747188568115,0.28024592198963505
val,B-C,Place703_12,Place703,2,0.4520958662033081,0.4515233217311563
val,B-A,Place705_1,Place705,1,-0.11206543445587158,-0.11203827290504065
val,B-C,Place705_1,Place705,1,0.10360002517700195,0.1036131757967157
val,B-A,Place705_12,Place705,2,0.24192357063293457,0.27422110648395615
val,B-C,Place705_12,Place705,2,0.47109460830688477,0.4347437901708018
val,B-A,Place710_1,Place710,1,0.21684205532073975,0.2168134361976437
val,B-C,Place710_1,Place710,1,0.07264792919158936,0.07265387778292376
val,B-A,Place710_12,Place710,2,0.09704422950744629,0.029008839112962814
val,B-C,Place710_12,Place710,2,-0.2666192054748535,-0.29952290697752026
val,B-A,Place720_1,Place720,1,-0.3734845966100693,-0.3738657233438074
val,B-C,Place720_1,Place720,1,-0.02445937693119049,-0.02445211876541044
val,B-A,Place720_12,Place720,2,0.13707375526428223,0.17063911861023162
val,B-C,Place720_12,Place720,2,0.052179932594299316,0.05065133775721131
val,B-A,Place722_1,Place722,1,-0.2603164613246918,-0.2600120161533072
val,B-C,Place722_1,Place722,1,0.025155439972877502,0.024899192133022996
val,B-A,Place722_12,Place722,2,0.025902092456817627,0.06211589596278366
val,B-C,Place722_12,Place722,2,-0.23965811729431152,-0.22151689158673515
val,B-A,Place725_1,Place725,1,0.08939811587333679,0.08945408634022556
val,B-C,Place725_1,Place725,1,0.20929722487926483,0.2094343431341371
val,B-A,Place725_12,Place725,2,-0.9722515344619751,-0.8521315823374449
val,B-C,Place725_12,Place725,2,-0.3799489736557007,-0.28626352818635015
val,B-A,Place73_1,Place73,1,0.45650768280029297,0.45647060617784163
val,B-C,Place73_1,Place73,1,0.48180174827575684,0.48178497391744757
val,B-A,Place73_12,Place73,2,-0.12478041648864746,-0.10705032301586836
val,B-C,Place73_12,Place73,2,-0.025142908096313477,-0.021534458840753334
val,B-A,Place731_1,Place731,1,0.8115303292870522,0.809312191868098
val,B-C,Place731_1,Place731,1,0.35080385208129883,0.3506842541933738
val,B-A,Place731_12,Place731,2,-0.25096821784973145,-0.22657735344515184
val,B-C,Place731_12,Place731,2,-0.0800015926361084,-0.06570501501368908
val,B-A,Place732_1,Place732,1,-0.24591588601469994,-0.2422424255699569
val,B-C,Place732_1,Place732,1,-0.16736076399683952,-0.16393021452005996
val,B-A,Place732_12,Place732,2,0.2304621934890747,0.21713290373522942
val,B-C,Place732_12,Place732,2,0.1294633150100708,0.12862791140248753
val,B-A,Place733_1,Place733,1,0.1979198157787323,0.19822753742000515
val,B-C,Place733_1,Place733,1,0.07262876629829407,0.07265159877197591
val,B-A,Place733_12,Place733,2,-0.1006004810333252,-0.09355610038562201
val,B-C,Place733_12,Place733,2,0.021802783012390137,0.020953433881127248
val,B-A,Place743_1,Place743,1,0.133691668510437,0.1336269222254315
val,B-C,Place743_1,Place743,1,0.028235316276550293,0.028218280292432563
val,B-A,Place743_12,Place743,2,-0.7818654775619507,-0.6984389226520463
val,B-C,Place743_12,Place743,2,-0.10382896661758423,-0.10514403786248472
val,B-A,Place747_1,Place747,1,0.08498916029930115,0.08500857552049537
val,B-C,Place747_1,Place747,1,-0.052304476499557495,-0.05226195628514457
val,B-A,Place747_12,Place747,2,0.4377989172935486,0.41084194371618243
val,B-C,Place747_12,Place747,2,-0.18973588943481445,-0.1836967569314003
val,B-A,Place749_1,Place749,1,0.5722706913948059,0.5719614407642954
val,B-C,Place749_1,Place749,1,-0.26383912563323975,-0.26378146398827884
val,B-A,Place749_12,Place749,2,-1.4707536697387695,-1.260659019339072
val,B-C,Place749_12,Place749,2,0.8478775024414062,0.3028048526386682
val,B-A,Place753_1,Place753,1,-2.4702258110046387,-2.4702423861296596
val,B-C,Place753_1,Place753,1,-2.123547077178955,-2.123564428502741
val,B-A,Place753_12,Place753,2,-0.7382192611694336,-0.6647524320273899
val,B-C,Place753_12,Place753,2,1.3572216033935547,1.274415563837353
val,B-A,Place754_1,Place754,1,-1.0704485177993774,-1.069910674894461
val,B-C,Place754_1,Place754,1,-0.35075700283050537,-0.3503552805118617
val,B-A,Place754_12,Place754,2,0.061463117599487305,0.08423126639665712
val,B-C,Place754_12,Place754,2,-0.18839788436889648,-0.13851735772206464
val,B-A,Place756_1,Place756,1,1.2733147144317627,1.2732537681901666
val,B-C,Place756_1,Place756,1,0.7211823463439941,0.7211716187366108
val,B-A,Place756_12,Place756,2,0.20223867893218994,0.15669740235261442
val,B-C,Place756_12,Place756,2,-0.29165446758270264,-0.221329644646711
val,B-A,Place757_1,Place757,1,0.9460768699645996,0.9460781789028405
val,B-C,Place757_1,Place757,1,0.5484874248504639,0.5484929971622254
val,B-A,Place757_12,Place757,2,0.5004258155822754,0.46283810335512365
val,B-C,Place757_12,Place757,2,0.48421525955200195,0.4451878701879899
val,B-A,Place76_1,Place76,1,-0.1262097954750061,-0.12625344088725587
val,B-C,Place76_1,Place76,1,0.025328218936920166,0.02532102564512162
val,B-A,Place76_12,Place76,2,-0.1798216700553894,-0.15326980870591722
val,B-C,Place76_12,Place76,2,-0.07242733240127563,-0.07164860397705142
val,B-A,Place762_1,Place762,1,0.305713415145874,0.3057267109063775
val,B-C,Place762_1,Place762,1,0.47322291135787964,0.4732268406684583
val,B-A,Place762_12,Place762,2,1.486889123916626,1.0774614056690446
val,B-C,Place762_12,Place762,2,0.8195066452026367,0.4842232294671378
val,B-A,Place766_1,Place766,1,-0.04615473747253418,-0.04594606649524868
val,B-C,Place766_1,Place766,1,-0.19442152976989746,-0.194280411625537
val,B-A,Place766_12,Place766,2,0.9672317504882812,0.9068223233136665
val,B-C,Place766_12,Place766,2,2.6136984825134277,2.4404083462427506
val,B-A,Place767_1,Place767,1,0.4240725040435791,0.4240773968175353
val,B-C,Place767_1,Place767,1,1.0633935928344727,1.063403822592996
val,B-A,Place767_12,Place767,2,0.7645349502563477,0.7034066996727457
val,B-C,Place767_12,Place767,2,0.2031240463256836,0.19410557677477724
val,B-A,Place768_1,Place768,1,-0.19004052877426147,-0.190013185324158
val,B-C,Place768_1,Place768,1,-0.32631462812423706,-0.32628189969143784
val,B-A,Place768_12,Place768,2,0.5098733901977539,0.4846908677217896
val,B-C,Place768_12,Place768,2,0.2218003273010254,0.20435663532510606
val,B-A,Place776_1,Place776,1,0.32619237899780273,0.3262081580881946
val,B-C,Place776_1,Place776,1,0.33375853300094604,0.3337708959439374
val,B-A,Place776_12,Place776,2,-0.2089557647705078,-0.20464380044747976
val,B-C,Place776_12,Place776,2,-0.11852407455444336,-0.10966786510831827
val,B-A,Place778_1,Place778,1,0.36483025550842285,0.3647039295555636
val,B-C,Place778_1,Place778,1,0.085316002368927,0.08533457694852764
val,B-A,Place778_12,Place778,2,-0.35090017318725586,-0.3479784153486296
val,B-C,Place778_12,Place778,2,-0.8121185302734375,-0.7759433023618056
val,B-A,Place780_1,Place780,1,0.3124186396598816,0.3123936188727585
val,B-C,Place780_1,Place780,1,-0.1946120262145996,-0.19461728840447057
val,B-A,Place780_12,Place780,2,-0.21183395385742188,-0.1818591548679489
val,B-C,Place780_12,Place780,2,-0.087890625,-0.08028187696371658
val,B-A,Place781_1,Place781,1,0.29513847827911377,0.2951333138469626
val,B-C,Place781_1,Place781,1,-0.23026669025421143,-0.23024729085863171
val,B-A,Place781_12,Place781,2,-0.256030797958374,-0.24705524244174093
val,B-C,Place781_12,Place781,2,-0.3213768005371094,-0.3161127773104022
val,B-A,Place80_1,Place80,1,-0.9159256219863892,-0.9158711216326154
val,B-C,Place80_1,Place80,1,0.2829737663269043,0.2829425420513404
val,B-A,Place80_12,Place80,2,-1.0527459383010864,-1.0526966536795173
val,B-C,Place80_12,Place80,2,-0.03624832630157471,-0.03623477650205742
val,B-A,Place807_1,Place807,1,-0.2563413381576538,-0.25627828277764475
val,B-C,Place807_1,Place807,1,-0.032532453536987305,-0.032513512579001924
val,B-A,Place807_12,Place807,2,-0.1392766237258911,-0.13445550082407753
val,B-C,Place807_12,Place807,2,0.058799147605895996,0.05756034318079917
val,B-A,Place808_1,Place808,1,-0.176205575466156,-0.1761647284659561
val,B-C,Place808_1,Place808,1,0.07589691877365112,0.0758424276642542
val,B-A,Place808_12,Place808,2,-0.03102731704711914,-0.029752395119189368
val,B-C,Place808_12,Place808,2,-0.09738075733184814,-0.09410909115759525
val,B-A,Place813_1,Place813,1,0.09734359383583069,0.09733318705624472
val,B-C,Place813_1,Place813,1,0.12045454978942871,0.12053934179620207
val,B-A,Place813_12,Place813,2,-0.015330791473388672,-0.003841078880047588
val,B-C,Place813_12,Place813,2,0.623458206653595,0.5032839627050246
val,B-A,Place824_1,Place824,1,-0.06444054841995239,-0.06449741716967189
val,B-C,Place824_1,Place824,1,0.2032550573348999,0.20343356476638483
val,B-A,Place824_12,Place824,2,0.21176886558532715,0.1745912771308662
val,B-C,Place824_12,Place824,2,-0.19172048568725586,-0.17205308817552245
val,B-A,Place828_1,Place828,1,-0.02042442560195923,-0.0204117880698671
val,B-C,Place828_1,Place828,1,-0.0008327960968017578,-0.0008351993271821234
val,B-A,Place828_12,Place828,2,0.01679372787475586,0.011044988933530009
val,B-C,Place828_12,Place828,2,-0.16282999515533447,-0.163119631048684
val,B-A,Place829_1,Place829,1,-0.00918695330619812,-0.00927693419554021
val,B-C,Place829_1,Place829,1,-0.17498642206192017,-0.1752783155685077
val,B-A,Place829_12,Place829,2,0.3459024429321289,0.28639554119352084
val,B-C,Place829_12,Place829,2,0.5670628547668457,0.477139039059872
val,B-A,Place831_1,Place831,1,0.0683538019657135,0.06832473417183282
val,B-C,Place831_1,Place831,1,-0.09278711676597595,-0.09277034146025948
val,B-A,Place831_12,Place831,2,0.5921792984008789,0.5484435656687241
val,B-C,Place831_12,Place831,2,0.09842777252197266,0.11703124608067217
val,B-A,Place834_1,Place834,1,0.019594378769397736,0.01931753374041574
val,B-C,Place834_1,Place834,1,-0.02921496331691742,-0.02931584331135656
val,B-A,Place834_12,Place834,2,0.5107841491699219,0.4874935640620581
val,B-C,Place834_12,Place834,2,0.4066953659057617,0.38145779736244556
val,B-A,Place836_1,Place836,1,-0.03270155191421509,-0.03272313778027758
val,B-C,Place836_1,Place836,1,0.0670957863330841,0.06701833735004714
val,B-A,Place836_12,Place836,2,0.19811773300170898,0.170777437357843
val,B-C,Place836_12,Place836,2,-0.06763911247253418,-0.06229813723128208
val,B-A,Place837_1,Place837,1,-0.03403693437576294,-0.034029237499550835
val,B-C,Place837_1,Place837,1,0.14825180172920227,0.14832134677727138
val,B-A,Place837_12,Place837,2,0.2038259506225586,0.1785763171847219
val,B-C,Place837_12,Place837,2,-0.1949220895767212,-0.18460961229411565
val,B-A,Place840_1,Place840,1,0.0434207022190094,0.04354478527380809
val,B-C,Place840_1,Place840,1,-0.2164415419101715,-0.2168786140673839
val,B-A,Place840_12,Place840,2,0.032962918281555176,0.02565497817680451
val,B-C,Place840_12,Place840,2,-0.010908246040344238,-0.01737325551846647
val,B-A,Place844_1,Place844,1,0.6268613338470459,0.6269028395925211
val,B-C,Place844_1,Place844,1,-0.02488631010055542,-0.024861005213470233
val,B-A,Place844_12,Place844,2,0.03656148910522461,0.10174361573155988
val,B-C,Place844_12,Place844,2,0.006082057952880859,0.0020387309596303638
val,B-A,Place845_1,Place845,1,-0.15790152549743652,-0.15788454634512816
val,B-C,Place845_1,Place845,1,-0.1859673261642456,-0.18592829403673572
val,B-A,Place845_12,Place845,2,0.07332968711853027,0.013302069626997426
val,B-C,Place845_12,Place845,2,-0.034328460693359375,-0.010166136602488773
val,B-A,Place846_1,Place846,1,0.11582529544830322,0.11585217077074594
val,B-C,Place846_1,Place846,1,0.0972280502319336,0.09724664558044627
val,B-A,Place846_12,Place846,2,0.2706131935119629,0.2645236714688268
val,B-C,Place846_12,Place846,2,0.21732497215270996,0.223885195745551
val,B-A,Place854_1,Place854,1,-0.05210614204406738,-0.05202903515724827
val,B-C,Place854_1,Place854,1,0.05485557019710541,0.05478737092558733
val,B-A,Place854_12,Place854,2,-0.16512525081634521,-0.167096580527886
val,B-C,Place854_12,Place854,2,-0.10795527696609497,-0.10942656901109404
val,B-A,Place86_1,Place86,1,-0.3619505763053894,-0.36196110003797966
val,B-C,Place86_1,Place86,1,0.05708792805671692,0.05709676337772551
val,B-A,Place86_12,Place86,2,-0.037276893854141235,-0.03708349973794045
val,B-C,Place86_12,Place86,2,-0.09653636813163757,-0.09642615534077603
val,B-A,Place864_1,Place864,1,0.14240506291389465,0.14249227683340904
val,B-C,Place864_1,Place864,1,0.306741327047348,0.30749513398190464
val,B-A,Place864_12,Place864,2,0.19450247287750244,0.2274273586654474
val,B-C,Place864_12,Place864,2,0.22843027114868164,0.24555983438120288
val,B-A,Place866_1,Place866,1,-0.098391592502594,-0.09838610219652427
val,B-C,Place866_1,Place866,1,-0.05534827709197998,-0.05528326687941293
val,B-A,Place866_12,Place866,2,0.7235968112945557,0.34458687785578324
val,B-C,Place866_12,Place866,2,0.5734081268310547,0.2125908373769465
val,B-A,Place872_1,Place872,1,-0.17838376760482788,-0.17834178643272613
val,B-C,Place872_1,Place872,1,-0.49393826723098755,-0.493830878487294
val,B-A,Place872_12,Place872,2,0.8013331890106201,0.480810265365224
val,B-C,Place872_12,Place872,2,0.7179219722747803,0.4477810092873904
val,B-A,Place875_1,Place875,1,-0.9033574312925339,-0.9021168344751643
val,B-C,Place875_1,Place875,1,-0.29503296315670013,-0.29388890014513486
val,B-A,Place875_12,Place875,2,0.035331130027770996,0.05421421865944209
val,B-C,Place875_12,Place875,2,0.2439969778060913,0.20032151498529016
val,B-A,Place878_1,Place878,1,0.5680899024009705,0.5675291018153943
val,B-C,Place878_1,Place878,1,0.03216814994812012,0.03218099224069437
val,B-A,Place878_12,Place878,2,-0.19545674324035645,-0.18339093689410113
val,B-C,Place878_12,Place878,2,0.07110416889190674,0.13426522621551484
val,B-A,Place887_1,Place887,1,1.0882481336593628,1.0872944830307896
val,B-C,Place887_1,Place887,1,-0.33841657638549805,-0.33838367124122226
val,B-A,Place887_12,Place887,2,-0.9875211715698242,-0.9476192655263467
val,B-C,Place887_12,Place887,2,-0.41449880599975586,-0.3984587514845055
val,B-A,Place888_1,Place888,1,0.117495596408844,0.1175109714233522
val,B-C,Place888_1,Place888,1,0.06285080313682556,0.06282689449232404
val,B-A,Place888_12,Place888,2,0.32775402069091797,0.4224790972420793
val,B-C,Place888_12,Place888,2,1.2759289741516113,1.0377876105000405
val,B-A,Place890_1,Place890,1,-0.29392656683921814,-0.29418395016988363
val,B-C,Place890_1,Place890,1,-0.6461715400218964,-0.6465903881260268
val,B-A,Place890_12,Place890,2,0.7060279846191406,0.6325288550026151
val,B-C,Place890_12,Place890,2,0.4094657897949219,0.37281997361820984
val,B-A,Place898_1,Place898,1,-0.4825686812400818,-0.4826280541078313
val,B-C,Place898_1,Place898,1,-0.15201860666275024,-0.1520280270549098
val,B-A,Place898_12,Place898,2,0.5423216819763184,0.3859556473400927
val,B-C,Place898_12,Place898,2,0.4722433090209961,0.33783540591874317
val,B-A,Place900_1,Place900,1,-0.019556760787963867,-0.019516234351400874
val,B-C,Place900_1,Place900,1,-0.41066715121269226,-0.41051044367587886
val,B-A,Place900_12,Place900,2,1.2294929027557373,1.1818047099556503
val,B-C,Place900_12,Place900,2,0.8988244533538818,0.8556578839892048
val,B-A,Place915_1,Place915,1,-0.10965460538864136,-0.10966136272519345
val,B-C,Place915_1,Place915,1,-0.019846320152282715,-0.019860654165843927
val,B-A,Place915_12,Place915,2,-1.2154955863952637,-0.9280241468577737
val,B-C,Place915_12,Place915,2,-0.40875864028930664,-0.32759057101077627
val,B-A,Place919_1,Place919,1,1.7216264009475708,1.7216070085778448
val,B-C,Place919_1,Place919,1,-0.3848881721496582,-0.38489213468927863
val,B-A,Place919_12,Place919,2,1.1231602430343628,1.1238981829603343
val,B-C,Place919_12,Place919,2,-0.3139510154724121,-0.3135638619879466
val,B-A,Place919_13,Place919,2,0.7063367366790771,0.7011874963377112
val,B-C,Place919_13,Place919,2,-0.2825171947479248,-0.28210578070418846
val,B-A,Place919_123,Place919,3,0.40405893325805664,0.40234248336374967
val,B-C,Place919_123,Place919,3,-0.10469317436218262,-0.10451231597869493
val,B-A,Place920_1,Place920,1,0.1279466152191162,0.12794108317781094
val,B-C,Place920_1,Place920,1,0.08755183219909668,0.0875474732992021
val,B-A,Place920_12,Place920,2,-0.02756398916244507,-0.027675918685600376
val,B-C,Place920_12,Place920,2,-0.16564959287643433,-0.12538003842309786
val,B-A,Place920_13,Place920,2,0.03344154357910156,0.039513334409681855
val,B-C,Place920_13,Place920,2,0.09521961212158203,0.09709271440006129
val,B-A,Place920_123,Place920,3,-0.14573967456817627,-0.13230277636557342
val,B-C,Place920_123,Place920,3,-0.6560782194137573,-0.5903967607983953
val,B-A,Place924_1,Place924,1,-0.7496061325073242,-0.7496178928143571
val,B-C,Place924_1,Place924,1,0.5019747614860535,0.5020244008406356
val,B-A,Place924_12,Place924,2,-0.21085608005523682,-0.20930031422873352
val,B-C,Place924_12,Place924,2,0.5744289755821228,0.5693542963616286
val,B-A,Place924_13,Place924,2,-0.14177846908569336,-0.14237627110290982
val,B-C,Place924_13,Place924,2,-0.3446406126022339,-0.3414200769387169
val,B-A,Place924_123,Place924,3,-0.05055880546569824,-0.05481500771093939
val,B-C,Place924_123,Place924,3,0.1973925232887268,0.177711783769831
val,B-A,Place930_1,Place930,1,0.09114772081375122,0.09116692699464612
val,B-C,Place930_1,Place930,1,0.2589190602302551,0.259106024903566
val,B-A,Place930_12,Place930,2,-0.005527108907699585,-0.0040290235849796685
val,B-C,Place930_12,Place930,2,-0.12751150131225586,-0.12402016984833023
val,B-A,Place930_13,Place930,2,0.2568279504776001,0.21298920726779835
val,B-C,Place930_13,Place930,2,0.49855542182922363,0.41029299691214627
val,B-A,Place930_123,Place930,3,-0.03329968452453613,-0.05189469934421309
val,B-C,Place930_123,Place930,3,0.2837972640991211,0.2397108981359557
val,B-A,Place936_1,Place936,1,-0.016712069511413574,-0.016709123162547024
val,B-C,Place936_1,Place936,1,0.18438637256622314,0.18432453810285399
val,B-A,Place936_12,Place936,2,0.21027708053588867,0.19556666187518013
val,B-C,Place936_12,Place936,2,0.256580114364624,0.20543777938915508
val,B-A,Place936_13,Place936,2,0.012212038040161133,0.026144186872208763
val,B-C,Place936_13,Place936,2,-0.011132478713989258,-0.020069138677224707
val,B-A,Place936_123,Place936,3,0.08613443374633789,0.11772940643598062
val,B-C,Place936_123,Place936,3,0.30159807205200195,0.12533096857109705
val,B-A,Place938_1,Place938,1,0.36281073093414307,0.36268095707407066
val,B-C,Place938_1,Place938,1,0.09820115566253662,0.09817038007705581
val,B-A,Place938_12,Place938,2,-0.21670031547546387,-0.1718147739865108
val,B-C,Place938_12,Place938,2,0.14001739025115967,0.1220506059745583
val,B-A,Place938_13,Place938,2,-0.058492302894592285,-0.049935642746173015
val,B-C,Place938_13,Place938,2,-0.10463714599609375,-0.13193423116824943
val,B-A,Place938_123,Place938,3,0.09550356864929199,0.06298456739363756
val,B-C,Place938_123,Place938,3,0.3125736713409424,0.2505020787923433
val,B-A,Place946_1,Place946,1,0.8347529470920563,0.8347743042209923
val,B-C,Place946_1,Place946,1,-0.7660784721374512,-0.7660710800615302
val,B-A,Place946_12,Place946,2,0.35329771041870117,0.33164658057588436
val,B-C,Place946_12,Place946,2,1.049126148223877,0.9923630596737807
val,B-A,Place946_13,Place946,2,-0.3547161817550659,-0.3497450476653068
val,B-C,Place946_13,Place946,2,-0.1927807331085205,-0.2488159466400346
val,B-A,Place946_123,Place946,3,-0.6703577041625977,-0.5866937845811759
val,B-C,Place946_123,Place946,3,-0.11424589157104492,-0.09580692157731985
test,B-A,Place105_1,Place105,1,-0.17098629474639893,-0.17099106063088865
test,B-C,Place105_1,Place105,1,-0.05441296100616455,-0.05442095046061568
test,B-A,Place105_12,Place105,2,-0.38010501861572266,-0.3788203100384169
test,B-C,Place105_12,Place105,2,0.2226874828338623,0.22391143900033184
test,B-A,Place14_1,Place14,1,1.3746461868286133,1.3746391137516376
test,B-C,Place14_1,Place14,1,4.201768279075623,4.201657081891776
test,B-A,Place14_12,Place14,2,-1.1941988468170166,-0.9958751246727406
test,B-C,Place14_12,Place14,2,-0.1656651496887207,-0.12748331480915942
test,B-A,Place140_1,Place140,1,-0.23085904121398926,-0.23085616321136548
test,B-C,Place140_1,Place140,1,0.8856017589569092,0.885589847255785
test,B-A,Place140_12,Place140,2,0.9603590965270996,0.9610185695830378
test,B-C,Place140_12,Place140,2,-1.2681636810302734,-1.2667813476735574
test,B-A,Place141_1,Place141,1,-0.5709114074707031,-0.5709077860788287
test,B-C,Place141_1,Place141,1,-0.6323676109313965,-0.6323649469962458
test,B-A,Place141_12,Place141,2,-0.4501152038574219,-0.44554622865464566
test,B-C,Place141_12,Place141,2,-0.13500404357910156,-0.13719670903991954
test,B-A,Place156_1,Place156,1,0.35286688804626465,0.3528769389205625
test,B-C,Place156_1,Place156,1,0.04451644420623779,0.04451751898888645
test,B-A,Place156_12,Place156,2,0.11937308311462402,0.1161662537320094
test,B-C,Place156_12,Place156,2,0.8318426609039307,0.8130064392330161
test,B-A,Place160_1,Place160,1,-0.04559239745140076,-0.0457425319188986
test,B-C,Place160_1,Place160,1,0.08152937889099121,0.08132391755625767
test,B-A,Place160_12,Place160,2,0.19578826427459717,0.19329907520125367
test,B-C,Place160_12,Place160,2,0.0029767751693725586,0.002662076662240498
test,B-A,Place173_1,Place173,1,0.060773372650146484,0.0607726889486524
test,B-C,Place173_1,Place173,1,-0.14830422401428223,-0.14830395802356122
test,B-A,Place173_12,Place173,2,1.102065086364746,1.0405549879182399
test,B-C,Place173_12,Place173,2,-0.3484025001525879,-0.33358396568998305
test,B-A,Place20_1,Place20,1,-0.06085324287414551,-0.06085560709032478
test,B-C,Place20_1,Place20,1,-0.23931145668029785,-0.23931275736085267
test,B-A,Place20_12,Place20,2,0.07191324234008789,0.062334994500652385
test,B-C,Place20_12,Place20,2,-0.40226292610168457,-0.3802528026727967
test,B-A,Place204_1,Place204,1,-0.33141887187957764,-0.3317272748605244
test,B-C,Place204_1,Place204,1,-0.033596545457839966,-0.03369965366874278
test,B-A,Place204_12,Place204,2,-1.126297950744629,-1.0565404448643019
test,B-C,Place204_12,Place204,2,0.12969207763671875,0.11401723824321586
test,B-A,Place206_1,Place206,1,0.4543740153312683,0.4544784393539735
test,B-C,Place206_1,Place206,1,-0.13168489933013916,-0.13170674096393342
test,B-A,Place206_12,Place206,2,-0.12015020847320557,-0.12892121510676335
test,B-C,Place206_12,Place206,2,-0.052777111530303955,-0.049000870903446736
test,B-A,Place208_1,Place208,1,0.8227278590202332,0.8225939935764984
test,B-C,Place208_1,Place208,1,0.2911396026611328,0.2911181187355021
test,B-A,Place208_12,Place208,2,0.5355753004550934,0.49812756684569676
test,B-C,Place208_12,Place208,2,-0.10938626527786255,-0.10766958955436334
test,B-A,Place221_1,Place221,1,0.7239630222320557,0.7239634164044624
test,B-C,Place221_1,Place221,1,1.057410717010498,1.0574094902255986
test,B-A,Place221_12,Place221,2,-0.08684635162353516,-0.08813721103102257
test,B-C,Place221_12,Place221,2,0.3935408592224121,0.3153637365606907
test,B-A,Place227_1,Place227,1,1.1738088130950928,1.1738403843262115
test,B-C,Place227_1,Place227,1,1.0440988540649414,1.0441287489533428
test,B-A,Place227_12,Place227,2,0.6302933692932129,0.612602172852835
test,B-C,Place227_12,Place227,2,0.5776205062866211,0.5808277984082757
test,B-A,Place228_1,Place228,1,-0.13788020610809326,-0.1379061744245742
test,B-C,Place228_1,Place228,1,0.6106290221214294,0.6099816780552129
test,B-A,Place228_12,Place228,2,0.08309197425842285,0.0838446214129851
test,B-C,Place228_12,Place228,2,1.1846058368682861,1.177692175696811
test,B-A,Place249_1,Place249,1,-0.3640165328979492,-0.3640148700902923
test,B-C,Place249_1,Place249,1,-0.5364980697631836,-0.5364972348453598
test,B-A,Place249_12,Place249,2,0.3760108947753906,0.5419018352552243
test,B-C,Place249_12,Place249,2,1.1972646713256836,1.1989910966996842
test,B-A,Place275_1,Place275,1,0.7635304927825928,0.763534939999106
test,B-C,Place275_1,Place275,1,0.7897540330886841,0.7897570639930356
test,B-A,Place275_12,Place275,2,-0.17876839637756348,-0.17622382151028937
test,B-C,Place275_12,Place275,2,-0.0959467887878418,-0.09152674204284672
test,B-A,Place277_1,Place277,1,0.08980584144592285,0.08979984721686485
test,B-C,Place277_1,Place277,1,0.8179187774658203,0.8179143758142513
test,B-A,Place277_12,Place277,2,0.5401840209960938,0.5405092960099047
test,B-C,Place277_12,Place277,2,1.1034631729125977,1.109988468256434
test,B-A,Place283_1,Place283,1,1.474282145500183,1.4743108541654886
test,B-C,Place283_1,Place283,1,1.6862066984176636,1.6862360017012816
test,B-A,Place283_12,Place283,2,2.626959800720215,2.0518557859890016
test,B-C,Place283_12,Place283,2,1.4486055374145508,1.1300683387400223
test,B-A,Place285_1,Place285,1,0.6685137748718262,0.6685251474085874
test,B-C,Place285_1,Place285,1,0.5816397666931152,0.5816423744946961
test,B-A,Place285_12,Place285,2,0.09456920623779297,0.09628947672794474
test,B-C,Place285_12,Place285,2,0.5302505493164062,0.5145965786811164
test,B-A,Place300_1,Place300,1,-0.06090259552001953,-0.06090341141489586
test,B-C,Place300_1,Place300,1,-0.3074629306793213,-0.3074616490253095
test,B-A,Place300_12,Place300,2,0.0450439453125,0.012145809163423671
test,B-C,Place300_12,Place300,2,-1.5184202194213867,-1.1479371353491494
test,B-A,Place305_1,Place305,1,-0.6918423175811768,-0.6918688544525445
test,B-C,Place305_1,Place305,1,0.055310070514678955,0.055377783944006165
test,B-A,Place305_12,Place305,2,-0.9586491584777832,-0.5582291200262741
test,B-C,Place305_12,Place305,2,-0.6731076240539551,-0.6367468799361378
test,B-A,Place309_1,Place309,1,0.30872952938079834,0.30875129303746707
test,B-C,Place309_1,Place309,1,0.383597731590271,0.3835985309824158
test,B-A,Place309_12,Place309,2,-0.10441398620605469,-0.10334841205566558
test,B-C,Place309_12,Place309,2,-0.5331344604492188,-0.5160282072276376
test,B-A,Place316_1,Place316,1,0.30357062816619873,0.30356608861092016
test,B-C,Place316_1,Place316,1,0.30653154850006104,0.3065033019727823
test,B-A,Place316_12,Place316,2,0.2922706604003906,0.22501738095427726
test,B-C,Place316_12,Place316,2,0.09051656723022461,0.0792336825494937
test,B-A,Place318_1,Place318,1,-0.12169539928436279,-0.12168469382167713
test,B-C,Place318_1,Place318,1,-0.21634376049041748,-0.21632881583443053
test,B-A,Place318_12,Place318,2,0.34007829427719116,0.32733805569109875
test,B-C,Place318_12,Place318,2,-0.13447260856628418,-0.13131479373425892
test,B-A,Place320_1,Place320,1,-0.4943976402282715,-0.49440647192288556
test,B-C,Place320_1,Place320,1,0.3344770669937134,0.3345048102286331
test,B-A,Place320_12,Place320,2,0.44441795349121094,0.36530118169397374
test,B-C,Place320_12,Place320,2,0.2956109046936035,0.24853932093016207
test,B-A,Place35_1,Place35,1,-0.4221367835998535,-0.422101063973866
test,B-C,Place35_1,Place35,1,-0.505702018737793,-0.5056572014893235
test,B-A,Place35_12,Place35,2,-0.05075645446777344,-0.04745245846814383
test,B-C,Place35_12,Place35,2,0.00718003511428833,0.009812012244418411
test,B-A,Place357_1,Place357,1,-0.8989270925521851,-0.8988982255965807
test,B-C,Place357_1,Place357,1,-0.31415849924087524,-0.3141384100613809
test,B-A,Place357_12,Place357,2,-0.9106659889221191,-0.724920685123732
test,B-C,Place357_12,Place357,2,-0.4483675956726074,-0.32360696861601834
test,B-A,Place364_1,Place364,1,-0.02492046356201172,-0.02492212885211531
test,B-C,Place364_1,Place364,1,0.05979013442993164,0.059825854562517544
test,B-A,Place364_12,Place364,2,0.12202763557434082,0.06575067839064008
test,B-C,Place364_12,Place364,2,0.023960351943969727,0.06843820244780563
test,B-A,Place369_1,Place369,1,-0.18763351440429688,-0.18764717685279075
test,B-C,Place369_1,Place369,1,0.5839707851409912,0.5840049210848259
test,B-A,Place369_12,Place369,2,0.11601638793945312,0.1164057030264889
test,B-C,Place369_12,Place369,2,0.3465733528137207,0.3445285825145157
test,B-A,Place371_1,Place371,1,0.2695978879928589,0.2696128595360816
test,B-C,Place371_1,Place371,1,-0.13152217864990234,-0.13149897602964367
test,B-A,Place371_12,Place371,2,0.2692239284515381,0.2524596269165663
test,B-C,Place371_12,Place371,2,0.21845492720603943,0.20187996695470423
test,B-A,Place376_1,Place376,1,-0.029403626918792725,-0.029401953218207932
test,B-C,Place376_1,Place376,1,0.02641892433166504,0.026409447213804116
test,B-A,Place376_12,Place376,2,0.20888042449951172,0.18084699869573084
test,B-C,Place376_12,Place376,2,-0.3772103786468506,-0.33827884520313667
test,B-A,Place379_1,Place379,1,-0.025757312774658203,-0.02573733782427967
test,B-C,Place379_1,Place379,1,0.17918717861175537,0.17915382938626823
test,B-A,Place379_12,Place379,2,0.34817683696746826,0.34375129874691435
test,B-C,Place379_12,Place379,2,0.5203894376754761,0.5103834737332272
test,B-A,Place38_1,Place38,1,-0.38747209310531616,-0.38737069769390153
test,B-C,Place38_1,Place38,1,0.03488129377365112,0.034859919496762815
test,B-A,Place38_12,Place38,2,-0.2338966727256775,-0.2237255313637695
test,B-C,Place38_12,Place38,2,0.140777587890625,0.13477666316594927
test,B-A,Place381_1,Place381,1,0.3871426582336426,0.3871281066914891
test,B-C,Place381_1,Place381,1,0.10338973999023438,0.10338200753025495
test,B-A,Place381_12,Place381,2,-0.6369075775146484,-0.4725582950501508
test,B-C,Place381_12,Place381,2,0.66363525390625,0.7258919456398676
test,B-A,Place39_1,Place39,1,-2.630344867706299,-2.6303651059227735
test,B-C,Place39_1,Place39,1,0.15248918533325195,0.15249704644930562
test,B-A,Place39_12,Place39,2,-2.3896310329437256,-2.3886891905726775
test,B-C,Place39_12,Place39,2,0.5532786846160889,0.5510995393589764
test,B-A,Place419_1,Place419,1,-0.48611485958099365,-0.48612452909498227
test,B-C,Place419_1,Place419,1,0.3096908926963806,0.3097163811437361
test,B-A,Place419_12,Place419,2,0.26671361923217773,0.2663100528052431
test,B-C,Place419_12,Place419,2,0.18578648567199707,0.18503109963269848
test,B-A,Place439_1,Place439,1,-0.04008817672729492,-0.0400542758202691
test,B-C,Place439_1,Place439,1,0.07014882564544678,0.07015485330743632
test,B-A,Place439_12,Place439,2,0.16526412963867188,0.3308248071298019
test,B-C,Place439_12,Place439,2,0.28642940521240234,0.25498026763597803
test,B-A,Place450_1,Place450,1,-0.24708259105682373,-0.24699242092133444
test,B-C,Place450_1,Place450,1,0.04361480474472046,0.04347818460115965
test,B-A,Place450_12,Place450,2,0.28876447677612305,0.22335850701442084
test,B-C,Place450_12,Place450,2,-0.06639218330383301,-0.060972693369270026
test,B-A,Place457_1,Place457,1,0.2645707130432129,0.26457500317023275
test,B-C,Place457_1,Place457,1,-0.4355292320251465,-0.4355234599215274
test,B-A,Place457_12,Place457,2,2.560012102127075,1.4983877100517669
test,B-C,Place457_12,Place457,2,0.8728723526000977,0.4497054901554183
test,B-A,Place46_1,Place46,1,0.6090258359909058,0.609045888701641
test,B-C,Place46_1,Place46,1,-0.11755216121673584,-0.11755159862271225
test,B-A,Place46_12,Place46,2,-0.12862896919250488,-0.12336396562905838
test,B-C,Place46_12,Place46,2,-0.03391468524932861,-0.032605470516164026
test,B-A,Place475_1,Place475,1,0.35500115156173706,0.3550672874420058
test,B-C,Place475_1,Place475,1,-0.47019290924072266,-0.4702228042228256
test,B-A,Place475_12,Place475,2,0.47334814071655273,0.3331964047948519
test,B-C,Place475_12,Place475,2,0.7170789241790771,0.5237234224324796
test,B-A,Place494_1,Place494,1,0.5424654483795166,0.542465285337185
test,B-C,Place494_1,Place494,1,1.1482453346252441,1.1482457025719515
test,B-A,Place494_12,Place494,2,0.49576449394226074,0.32671608467743063
test,B-C,Place494_12,Place494,2,0.9336001873016357,0.6840023634172971
test,B-A,Place508_1,Place508,1,-0.05414825677871704,-0.05343464166939629
test,B-C,Place508_1,Place508,1,0.007247373461723328,0.00629985696167365
test,B-A,Place508_12,Place508,2,0.12690401077270508,0.12102753163527114
test,B-C,Place508_12,Place508,2,-0.18201613426208496,-0.16948113762025097
test,B-A,Place513_1,Place513,1,-0.45788002014160156,-0.4577760961410483
test,B-C,Place513_1,Place513,1,-0.2763354778289795,-0.27624546609339373
test,B-A,Place513_12,Place513,2,0.6667470932006836,0.6509887737465476
test,B-C,Place513_12,Place513,2,0.7235403060913086,0.7133589142091346
test,B-A,Place525_1,Place525,1,-0.3446621894836426,-0.3446665009323596
test,B-C,Place525_1,Place525,1,-0.19943392276763916,-0.19942007033593978
test,B-A,Place525_12,Place525,2,-0.3927419185638428,-0.3605022648474139
test,B-C,Place525_12,Place525,2,-0.1376655101776123,-0.13203357932676152
test,B-A,Place53_1,Place53,1,-0.9104482531547546,-0.909587557658633
test,B-C,Place53_1,Place53,1,-0.2935808598995209,-0.2928332262849645
test,B-A,Place53_12,Place53,2,-0.7976879477500916,-0.7968037085229255
test,B-C,Place53_12,Place53,2,-0.023070991039276123,-0.022534463291898676
test,B-A,Place531_1,Place531,1,0.12982702255249023,0.12982297123190922
test,B-C,Place531_1,Place531,1,0.5519599318504333,0.5518800946230787
test,B-A,Place531_12,Place531,2,-0.015685558319091797,0.020778495217609994
test,B-C,Place531_12,Place531,2,0.4168233871459961,0.4399365682288501
test,B-A,Place539_1,Place539,1,-0.10641714930534363,-0.10660735889840506
test,B-C,Place539_1,Place539,1,0.05441676080226898,0.05447569140197506
test,B-A,Place539_12,Place539,2,0.02448892593383789,0.04413696174820192
test,B-C,Place539_12,Place539,2,0.9376906156539917,0.7964290182870353
test,B-A,Place544_1,Place544,1,-0.24575209617614746,-0.24575356519056246
test,B-C,Place544_1,Place544,1,-0.4586217403411865,-0.4586240271037969
test,B-A,Place544_12,Place544,2,-0.20328712463378906,-0.14732161463225601
test,B-C,Place544_12,Place544,2,-1.4493703842163086,-1.3130397796214393
test,B-A,Place551_1,Place551,1,-0.1851201057434082,-0.18512681298562095
test,B-C,Place551_1,Place551,1,-0.23362040519714355,-0.23363054202639422
test,B-A,Place551_12,Place551,2,-1.5121917724609375,-1.4879886031771346
test,B-C,Place551_12,Place551,2,-0.7599582672119141,-0.755736557721816
test,B-A,Place567_1,Place567,1,0.26271313428878784,0.26269223780254347
test,B-C,Place567_1,Place567,1,0.5293350219726562,0.5292123853709747
test,B-A,Place567_12,Place567,2,0.27356886863708496,0.28085396009075936
test,B-C,Place567_12,Place567,2,-0.5672407150268555,-0.5185811158517168
test,B-A,Place576_1,Place576,1,0.4419577121734619,0.4421195832931324
test,B-C,Place576_1,Place576,1,-0.04343366622924805,-0.04324701534795328
test,B-A,Place576_12,Place576,2,-0.642859935760498,-0.5068636958155821
test,B-C,Place576_12,Place576,2,1.2185616493225098,1.0859265445270232
test,B-A,Place579_1,Place579,1,-0.1347332000732422,-0.13464697102266165
test,B-C,Place579_1,Place579,1,-0.5262093544006348,-0.5260070394596423
test,B-A,Place579_12,Place579,2,0.07370901107788086,0.04047131238449131
test,B-C,Place579_12,Place579,2,0.13518202304840088,0.11888922336945162
test,B-A,Place585_1,Place585,1,0.04446958005428314,0.04415768200427679
test,B-C,Place585_1,Place585,1,-0.3418569266796112,-0.34179144312966325
test,B-A,Place585_12,Place585,2,-0.29718828201293945,-0.21354452907328048
test,B-C,Place585_12,Place585,2,0.32200145721435547,0.27451238449119986
test,B-A,Place592_1,Place592,1,-0.09715676307678223,-0.0971604435871718
test,B-C,Place592_1,Place592,1,0.4679408073425293,0.4679430287563713
test,B-A,Place592_12,Place592,2,0.041176795959472656,0.10483979063247029
test,B-C,Place592_12,Place592,2,-0.4395730495452881,-0.3401658316386649
test,B-A,Place602_1,Place602,1,-0.23411719501018524,-0.2341095306220015
test,B-C,Place602_1,Place602,1,-0.036337241530418396,-0.03615979691185314
test,B-A,Place602_12,Place602,2,0.043374061584472656,0.0302847375051869
test,B-C,Place602_12,Place602,2,-0.13918590545654297,-0.11506771410778383
test,B-A,Place608_1,Place608,1,0.07968151569366455,0.07964867532740394
test,B-C,Place608_1,Place608,1,-0.3913545608520508,-0.39123602854908224
test,B-A,Place608_12,Place608,2,-0.13838279247283936,-0.12451924033384243
test,B-C,Place608_12,Place608,2,0.227239727973938,0.21711692937812033
test,B-A,Place616_1,Place616,1,-0.22168457508087158,-0.2216580051116117
test,B-C,Place616_1,Place616,1,-0.054508745670318604,-0.054540760448031245
test,B-A,Place616_12,Place616,2,-0.36289548873901367,-0.2168327284425322
test,B-C,Place616_12,Place616,2,0.058197021484375,0.02539604423409436
test,B-A,Place619_1,Place619,1,-0.23593109846115112,-0.23587637276190387
test,B-C,Place619_1,Place619,1,-0.03225916624069214,-0.03226397899892841
test,B-A,Place619_12,Place619,2,-0.3703954219818115,-0.3825193781539187
test,B-C,Place619_12,Place619,2,0.0871419906616211,0.1112192872821911
test,B-A,Place63_1,Place63,1,0.3446406126022339,0.34452039974216114
test,B-C,Place63_1,Place63,1,0.5378331243991852,0.5374550878156673
test,B-A,Place63_12,Place63,2,-0.46449851989746094,-0.40062818090409147
test,B-C,Place63_12,Place63,2,0.02796459197998047,0.05294105602214616
test,B-A,Place646_1,Place646,1,-0.9476392567157745,-0.9467751323450178
test,B-C,Place646_1,Place646,1,-0.039811015129089355,-0.03960587713183644
test,B-A,Place646_12,Place646,2,-0.2941854000091553,-0.25057301986724356
test,B-C,Place646_12,Place646,2,-0.11263132095336914,-0.1119099772665133
test,B-A,Place679_1,Place679,1,-0.034401148557662964,-0.03434462626293561
test,B-C,Place679_1,Place679,1,-0.1233319342136383,-0.12319249532475784
test,B-A,Place679_12,Place679,2,-2.598470687866211,-2.575270730343803
test,B-C,Place679_12,Place679,2,-3.371774673461914,-3.146239310350275
test,B-A,Place686_1,Place686,1,-0.05875769257545471,-0.058779559372027224
test,B-C,Place686_1,Place686,1,-0.19764545559883118,-0.19760084637859116
test,B-A,Place686_12,Place686,2,-0.4217076301574707,-0.3943528266095102
test,B-C,Place686_12,Place686,2,-1.5486555099487305,-1.4740379067846052
test,B-A,Place704_1,Place704,1,-0.10858416557312012,-0.10858063689549902
test,B-C,Place704_1,Place704,1,-0.3430509567260742,-0.3430198904388755
test,B-A,Place704_12,Place704,2,0.173373281955719,0.17424155834243915
test,B-C,Place704_12,Place704,2,0.2514877915382385,0.2532454864182392
test,B-A,Place708_1,Place708,1,0.3146013021469116,0.314577914531295
test,B-C,Place708_1,Place708,1,0.15996158123016357,0.15995627722032024
test,B-A,Place708_12,Place708,2,0.42213010787963867,0.42696198426963017
test,B-C,Place708_12,Place708,2,0.2277848720550537,0.23596030096593879
test,B-A,Place715_1,Place715,1,-0.6252872347831726,-0.6252520045530718
test,B-C,Place715_1,Place715,1,0.34705430269241333,0.34696596728043594
test,B-A,Place715_12,Place715,2,-0.5424011945724487,-0.3762450291959363
test,B-C,Place715_12,Place715,2,-0.15935027599334717,-0.10462304882701101
test,B-A,Place74_1,Place74,1,0.3069601058959961,0.3069786869819029
test,B-C,Place74_1,Place74,1,-0.5229089260101318,-0.5229200314020481
test,B-A,Place74_12,Place74,2,-0.08828532695770264,-0.08819053253638653
test,B-C,Place74_12,Place74,2,0.005097150802612305,0.005305875093541079
test,B-A,Place744_1,Place744,1,-0.405661940574646,-0.4056229442702156
test,B-C,Place744_1,Place744,1,0.05101311206817627,0.05101657827307149
test,B-A,Place744_12,Place744,2,-0.07208645343780518,-0.014704214304730234
test,B-C,Place744_12,Place744,2,-0.07396900653839111,-0.06412180297557368
test,B-A,Place752_1,Place752,1,0.17778056859970093,0.17766114789866183
test,B-C,Place752_1,Place752,1,0.19727599620819092,0.1965064301262472
test,B-A,Place752_12,Place752,2,1.6089072227478027,1.2763294483365506
test,B-C,Place752_12,Place752,2,-0.23580265045166016,-0.19142486611071252
test,B-A,Place78_1,Place78,1,-0.7444057464599609,-0.744404681303978
test,B-C,Place78_1,Place78,1,-0.08929753303527832,-0.08929668018901271
test,B-A,Place78_12,Place78,2,-0.8435044288635254,-0.8434888472550632
test,B-C,Place78_12,Place78,2,0.32653915882110596,0.3265517589020136
test,B-A,Place782_1,Place782,1,-0.7239982485771179,-0.7238803897995679
test,B-C,Place782_1,Place782,1,-0.36265504360198975,-0.3625753087996151
test,B-A,Place782_12,Place782,2,-0.5873868465423584,-0.5142408903366749
test,B-C,Place782_12,Place782,2,-0.4783337116241455,-0.43938554223953097
test,B-A,Place783_1,Place783,1,-0.4773474931716919,-0.47735824113976655
test,B-C,Place783_1,Place783,1,0.019112348556518555,0.019100937978735244
test,B-A,Place783_12,Place783,2,-0.3103889226913452,-0.29624991705678516
test,B-C,Place783_12,Place783,2,-0.49689996242523193,-0.48264944063143034
test,B-A,Place794_1,Place794,1,-0.10990071296691895,-0.10990202857146003
test,B-C,Place794_1,Place794,1,0.40081465244293213,0.40081770369355896
test,B-A,Place794_12,Place794,2,0.10773420333862305,0.07002368968159312
test,B-C,Place794_12,Place794,2,0.08645367622375488,0.035183508962546295
test,B-A,Place801_1,Place801,1,-0.04705226421356201,-0.0470383857175527
test,B-C,Place801_1,Place801,1,0.12756359577178955,0.12753484663995662
test,B-A,Place801_12,Place801,2,-0.17299795150756836,-0.14283714176067552
test,B-C,Place801_12,Place801,2,0.020746707916259766,-0.003658678394743209
test,B-A,Place812_1,Place812,1,0.20972579717636108,0.2095249887852776
test,B-C,Place812_1,Place812,1,-0.010012030601501465,-0.01000361796707272
test,B-A,Place812_12,Place812,2,-0.4078935384750366,-0.30362562651165237
test,B-C,Place812_12,Place812,2,0.00402224063873291,0.026037351997197478
test,B-A,Place816_1,Place816,1,-0.1767560839653015,-0.17674573076461264
test,B-C,Place816_1,Place816,1,-0.19193494319915771,-0.19191813747145559
test,B-A,Place816_12,Place816,2,-0.11004078388214111,-0.10867028085431218
test,B-C,Place816_12,Place816,2,-0.3083685636520386,-0.3049167602170838
test,B-A,Place843_1,Place843,1,-0.13136491179466248,-0.1313314842568622
test,B-C,Place843_1,Place843,1,-0.34970375895500183,-0.349630326843031
test,B-A,Place843_12,Place843,2,-0.4541158676147461,-0.44229845969745885
test,B-C,Place843_12,Place843,2,-0.23338651657104492,-0.2222119881056268
test,B-A,Place85_1,Place85,1,0.40755605697631836,0.4075668235702612
test,B-C,Place85_1,Place85,1,0.08379602432250977,0.08380304353873846
test,B-A,Place85_12,Place85,2,0.5231523513793945,0.5230932412979419
test,B-C,Place85_12,Place85,2,0.3383636474609375,0.3383183069375959
test,B-A,Place855_1,Place855,1,0.3275783658027649,0.3275594194591295
test,B-C,Place855_1,Place855,1,-0.17350506782531738,-0.1734928690670794
test,B-A,Place855_12,Place855,2,0.23073142766952515,0.23556793977128843
test,B-C,Place855_12,Place855,2,-0.1381007432937622,-0.1378791037682039
test,B-A,Place856_1,Place856,1,-0.06776338815689087,-0.0677986175675176
test,B-C,Place856_1,Place856,1,-0.06563842296600342,-0.0656525153279639
test,B-A,Place856_12,Place856,2,0.021260738372802734,0.046375812804679395
test,B-C,Place856_12,Place856,2,0.021062612533569336,0.03819511567973821
test,B-A,Place860_1,Place860,1,-0.25033318996429443,-0.25031998616056095
test,B-C,Place860_1,Place860,1,0.052138686180114746,0.05214980594643348
test,B-A,Place860_12,Place860,2,0.03430914878845215,0.03696185872529245
test,B-C,Place860_12,Place860,2,0.16536474227905273,0.16589127487647026
test,B-A,Place862_1,Place862,1,-0.07367339730262756,-0.07362560918254313
test,B-C,Place862_1,Place862,1,0.006549179553985596,0.0065502783490299366
test,B-A,Place862_12,Place862,2,-0.0503382682800293,-0.02719079277151093
test,B-C,Place862_12,Place862,2,-0.408138632774353,-0.20533210324528173
test,B-A,Place865_1,Place865,1,-0.34367406368255615,-0.34384982451329527
test,B-C,Place865_1,Place865,1,-0.0965806245803833,-0.0966888252988859
test,B-A,Place865_12,Place865,2,-0.14168548583984375,-0.13810038467887265
test,B-C,Place865_12,Place865,2,-0.24859893321990967,-0.23091005488173222
test,B-A,Place873_1,Place873,1,-0.0023925304412841797,-0.0023913659843571855
test,B-C,Place873_1,Place873,1,0.17336881160736084,0.17336966504070372
test,B-A,Place873_12,Place873,2,0.21516263484954834,0.41169400982365767
test,B-C,Place873_12,Place873,2,0.3270225524902344,0.40993134084450444
test,B-A,Place874_1,Place874,1,-1.056654691696167,-1.056692588664912
test,B-C,Place874_1,Place874,1,-0.7691633701324463,-0.7692031020644459
test,B-A,Place874_12,Place874,2,0.144195556640625,0.2583301411705179
test,B-C,Place874_12,Place874,2,0.40706920623779297,0.38332613406988214
test,B-A,Place884_1,Place884,1,0.8613384366035461,0.8605514016070468
test,B-C,Place884_1,Place884,1,-0.5864208936691284,-0.5863770522060952
test,B-A,Place884_12,Place884,2,0.2320849895477295,0.16628121307707167
test,B-C,Place884_12,Place884,2,-0.08210253715515137,-0.12001825077510642
test,B-A,Place90_1,Place90,1,-0.09669297933578491,-0.09672727387832247
test,B-C,Place90_1,Place90,1,0.24496222287416458,0.24457432522453804
test,B-A,Place90_12,Place90,2,0.5246758460998535,0.25976748240775915
test,B-C,Place90_12,Place90,2,-0.42377185821533203,-0.3510244133099736
test,B-A,Place901_1,Place901,1,-0.4082123041152954,-0.4082135661236814
test,B-C,Place901_1,Place901,1,0.1900954246520996,0.19009117860466618
test,B-A,Place901_12,Place901,2,-0.5420069694519043,-0.5430195255012347
test,B-C,Place901_12,Place901,2,-0.07325983047485352,-0.056530637094013514
test,B-A,Place902_1,Place902,1,1.7455649375915527,1.7455574812171921
test,B-C,Place902_1,Place902,1,2.251389980316162,2.2513781139184705
test,B-A,Place902_12,Place902,2,-0.4353823661804199,-0.4356194338031303
test,B-C,Place902_12,Place902,2,0.40491294860839844,0.40516856733066753
test,B-A,Place910_1,Place910,1,-1.4336633682250977,-1.4336608184055524
test,B-C,Place910_1,Place910,1,-0.9280660152435303,-0.9280657060015858
test,B-A,Place910_12,Place910,2,-0.20215272903442383,-0.1967974899138234
test,B-C,Place910_12,Place910,2,0.20145416259765625,0.20172932810284028
test,B-A,Place95_1,Place95,1,-0.008155345916748047,-0.008152968678828199
test,B-C,Place95_1,Place95,1,-0.21108484268188477,-0.2110890778465584
test,B-A,Place95_12,Place95,2,0.4077150821685791,0.40765476521493693
test,B-C,Place95_12,Place95,2,0.05524086952209473,0.056630933211657464
test,B-A,Place99_1,Place99,1,-0.09127676486968994,-0.0912656980095159
test,B-C,Place99_1,Place99,1,0.022475242614746094,0.022478198609147793
test,B-A,Place99_12,Place99,2,-0.0713428258895874,-0.07127138209606487
test,B-C,Place99_12,Place99,2,0.28797900676727295,0.28814521331948595
test,B-A,Place918_1,Place918,1,-0.34654465317726135,-0.3463637734918441
test,B-C,Place918_1,Place918,1,0.04368710517883301,0.04319616378837815
test,B-A,Place918_12,Place918,2,-0.22100991010665894,-0.21036108184193958
test,B-C,Place918_12,Place918,2,0.20255547761917114,0.19358989754710765
test,B-A,Place918_13,Place918,2,0.3031976968050003,0.2913885874211124
test,B-C,Place918_13,Place918,2,-0.0069863200187683105,-0.010942750957879555
test,B-A,Place918_123,Place918,3,-0.23463723063468933,-0.21490800653076475
test,B-C,Place918_123,Place918,3,0.019444644451141357,0.02123949922759788
test,B-A,Place921_1,Place921,1,-0.2973681688308716,-0.2973598776287467
test,B-C,Place921_1,Place921,1,-0.2272881269454956,-0.22728108398572355
test,B-A,Place921_12,Place921,2,0.14114928245544434,0.12033476199974513
test,B-C,Place921_12,Place921,2,0.22395968437194824,0.20475230013122925
test,B-A,Place921_13,Place921,2,0.7256606817245483,0.7087920050470269
test,B-C,Place921_13,Place921,2,0.35100746154785156,0.3460279433434802
test,B-A,Place921_123,Place921,3,0.24964189529418945,0.21762086500399613
test,B-C,Place921_123,Place921,3,0.24162602424621582,0.2197449967694426
test,B-A,Place934_1,Place934,1,-0.18319225311279297,-0.18319081724253916
test,B-C,Place934_1,Place934,1,-0.94167160987854,-0.9416472082234391
test,B-A,Place934_12,Place934,2,-0.012447357177734375,-0.0180765695157028
test,B-C,Place934_12,Place934,2,0.43972158432006836,0.3877099438438245
test,B-A,Place934_13,Place934,2,-0.09362506866455078,-0.05502335341080955
test,B-C,Place934_13,Place934,2,0.0754694938659668,0.07447009553839834
test,B-A,Place934_123,Place934,3,-0.23905038833618164,-0.20804118678400663
test,B-C,Place934_123,Place934,3,-0.03950929641723633,-0.05538412455187025
test,B-A,Place937_1,Place937,1,-0.023960351943969727,-0.02397456302724832
test,B-C,Place937_1,Place937,1,0.1923840045928955,0.19236081179660736
test,B-A,Place937_12,Place937,2,-0.44164586067199707,-0.403873434914952
test,B-C,Place937_12,Place937,2,-0.11939692497253418,-0.14330400812249122
test,B-A,Place937_13,Place937,2,-0.20301532745361328,-0.1942929739562711
test,B-C,Place937_13,Place937,2,-0.2757115364074707,-0.4246749741559501
test,B-A,Place937_123,Place937,3,-0.10387420654296875,-0.08909247235071227
test,B-C,Place937_123,Place937,3,-0.048592567443847656,-0.05937659199913359
test,B-A,Place945_1,Place945,1,0.459242582321167,0.4592512118147771
test,B-C,Place945_1,Place945,1,-0.5022623538970947,-0.5022819611430442
test,B-A,Place945_12,Place945,2,-1.2720351219177246,-1.2174034778636038
test,B-C,Place945_12,Place945,2,0.6222929954528809,0.598169969198489
test,B-A,Place945_13,Place945,2,0.13208937644958496,0.014288755007990872
test,B-C,Place945_13,Place945,2,0.3836243152618408,0.24848959248379643
test,B-A,Place945_123,Place945,3,-0.20712614059448242,-0.23939601018772372
test,B-C,Place945_123,Place945,3,2.05267333984375,1.959189410367161
